Date Time,,,,Event,,Survey,Actual,Prior,Revised
01/03/2011 10:00,US,1),,ISM Manufacturing,DEC,57,57,56.6,58.2
01/03/2011 10:00,US,2),,ISM Prices Paid,DEC,71.8,72.5,69.5,- -
01/03/2011 10:00,US,3),,Construction Spending MoM,NOV,0.20%,0.40%,0.70%,1.10%
01/04/2011 10:00,US,4),,Factory Orders,NOV,-0.10%,0.70%,-0.90%,-0.70%
01/04/2011 14:00,US,5),,Minutes of FOMC Meeting,,,,,
01/04/2011 17:00,US,6),,ABC Consumer Confidence,2-Jan,- -,-45,-44,- -
01/04/2011 17:00,US,7),,Domestic Vehicle Sales,DEC,9.21M,9.46M,9.27M,- -
01/04/2011 17:00,US,8),,Total Vehicle Sales,DEC,12.30M,12.53M,12.26M,- -
01/05/2011 07:00,US,9),,MBA Mortgage Applications,31-Dec,- -,2.30%,-3.90%,- -
01/05/2011 07:30,US,10),,Challenger Job Cuts YoY,DEC,- -,-29.00%,-3.30%,- -
01/05/2011 08:15,US,11),,ADP Employment Change,DEC,100K,297K,93K,122K
01/05/2011 10:00,US,12),,ISM Non-Manf. Composite,DEC,55.7,57.1,55,56
01/06/2011 08:30,US,13),,Initial Jobless Claims,1-Jan,408K,409K,388K,391K
01/06/2011 08:30,US,14),,Continuing Claims,25-Dec,4080K,4103K,4128K,4150K
01/06/2011 11:30,US,15),,ICSC Chain Store Sales YoY,DEC,- -,3.10%,5.80%,5.40%
01/06/2011 16:00,US,16),,RPX Composite 28dy YoY,OCT,- -,-2.29%,-1.86%,- -
01/06/2011 16:00,US,17),,RPX Composite 28dy Index,31-Oct,- -,189.29,189.21,- -
01/07/2011 08:30,US,18),,Change in Nonfarm Payrolls,DEC,150K,103K,39K,93K
01/07/2011 08:30,US,19),,Change in Private Payrolls,DEC,178K,113K,50K,128K
01/07/2011 08:30,US,20),,Change in Manufact. Payrolls,DEC,5K,10K,-13K,15K
01/07/2011 08:30,US,21),,Unemployment Rate,DEC,9.70%,9.40%,9.80%,- -
01/07/2011 08:30,US,22),,Avg Hourly Earning MOM All Emp,DEC,0.20%,0.10%,0.00%,- -
01/07/2011 08:30,US,23),,Avg Hourly Earning YOY All Emp,DEC,1.80%,1.80%,1.60%,1.70%
01/07/2011 08:30,US,24),,Avg Weekly Hours All Employees,DEC,34.3,34.3,34.3,34.2
01/07/2011 15:00,US,25),,Consumer Credit,NOV,$0.500B,$1.346B,$3.400B,$6.688B
01/11/2011 07:30,US,26),,NFIB Small Business Optimism,DEC,94.5,92.6,93.2,- -
01/11/2011 10:00,US,27),,JOLTs Job Openings,NOV,- -,3248,3362,3328
01/11/2011 10:00,US,28),,Wholesale Inventories,NOV,1.00%,-0.20%,1.90%,1.70%
01/11/2011 17:00,US,29),,ABC Consumer Confidence,9-Jan,- -,-40,-45,- -
01/11/2011 19:22,US,30),,IBD/TIPP Economic Optimism,JAN,47,51.9,45.8,- -
01/12/2011 07:00,US,31),,MBA Mortgage Applications,7-Jan,- -,2.20%,2.30%,- -
01/12/2011 08:30,US,32),,Import Price Index (MoM),DEC,1.20%,1.10%,1.30%,1.70%
01/12/2011 08:30,US,33),,Import Price Index (YoY),DEC,4.70%,4.80%,3.70%,4.10%
01/12/2011 14:00,US,34),,Fed's Beige Book,,,,,
01/12/2011 14:00,US,35),,Monthly Budget Statement,DEC,-$80.0B,-$80.0B,-$91.4B,- -
01/13/2011 08:30,US,36),,Initial Jobless Claims,8-Jan,410K,445K,409K,410K
01/13/2011 08:30,US,37),,Continuing Claims,1-Jan,4088K,3879K,4103K,4127K
01/13/2011 08:30,US,38),,Producer Price Index (MoM),DEC,0.80%,1.10%,0.80%,0.50%
01/13/2011 08:30,US,39),,PPI Ex Food & Energy (MoM),DEC,0.20%,0.20%,0.30%,0.00%
01/13/2011 08:30,US,40),,Producer Price Index (YoY),DEC,3.80%,4.00%,3.50%,3.40%
01/13/2011 08:30,US,41),,PPI Ex Food & Energy (YoY),DEC,1.40%,1.30%,1.20%,- -
01/13/2011 08:30,US,42),,Trade Balance,NOV,-$40.5B,-$38.3B,-$38.7B,-$38.2B
01/14/2011 08:30,US,43),,Consumer Price Index (MoM),DEC,0.40%,0.50%,0.10%,- -
01/14/2011 08:30,US,44),,CPI Ex Food & Energy (MoM),DEC,0.10%,0.10%,0.10%,- -
01/14/2011 08:30,US,45),,Consumer Price Index (YoY),DEC,1.30%,1.50%,1.10%,- -
01/14/2011 08:30,US,46),,CPI Ex Food & Energy (YoY),DEC,0.70%,0.80%,0.80%,- -
01/14/2011 08:30,US,47),,CPI Core Index SA,DEC,222.2,222.187,221.982,222.059
01/14/2011 08:30,US,48),,Consumer Price Index NSA,DEC,219.1,219.179,218.803,- -
01/14/2011 08:30,US,49),,Advance Retail Sales,DEC,0.80%,0.60%,0.80%,- -
01/14/2011 08:30,US,50),,Retail Sales Less Autos,DEC,0.70%,0.50%,1.20%,0.90%
01/14/2011 08:30,US,51),,Retail Sales Ex Auto & Gas,DEC,0.30%,0.40%,0.80%,0.40%
01/14/2011 09:15,US,52),,Industrial Production,DEC,0.50%,0.80%,0.40%,0.30%
01/14/2011 09:15,US,53),,Capacity Utilization,DEC,75.60%,76.00%,75.20%,75.80%
01/14/2011 09:55,US,54),,U. of Michigan Confidence,JAN P,75.5,72.7,74.5,- -
01/14/2011 10:00,US,55),,Business Inventories,NOV,0.70%,0.20%,0.70%,1.10%
01/18/2011 08:30,US,56),,Empire Manufacturing,JAN,12.5,11.92,10.57,9.89
01/18/2011 09:00,US,57),,Total Net TIC Flows,NOV,- -,$39.0B,$7.5B,$16.0B
01/18/2011 09:00,US,58),,Net Long-term TIC Flows,NOV,$40.0B,$85.1B,$27.6B,$27.8B
01/18/2011 10:00,US,59),,NAHB Housing Market Index,JAN,17,16,16,- -
01/18/2011 17:00,US,60),,ABC Consumer Confidence,16-Jan,-40,-43,-40,- -
01/19/2011 07:00,US,61),,MBA Mortgage Applications,14-Jan,- -,5.00%,2.20%,- -
01/19/2011 08:30,US,62),,Housing Starts,DEC,550K,529K,555K,548K
01/19/2011 08:30,US,63),,Building Permits,DEC,554K,635K,530K,544K
01/19/2011 08:30,US,64),,Housing Starts MOM%,DEC,-0.90%,-4.30%,3.90%,3.80%
01/19/2011 08:30,US,65),,Building Permits MOM%,DEC,1.80%,16.70%,-4.00%,-1.40%
01/20/2011 08:30,US,66),,Initial Jobless Claims,15-Jan,420K,404K,445K,447K
01/20/2011 08:30,US,67),,Continuing Claims,8-Jan,3985K,3861K,3879K,3887K
01/20/2011 10:00,US,68),,Existing Home Sales,DEC,4.87M,5.28M,4.68M,4.64M
01/20/2011 10:00,US,69),,Existing Home Sales MoM,DEC,4.10%,12.30%,5.60%,5.90%
01/20/2011 10:00,US,70),,Leading Indicators,DEC,0.60%,1.00%,1.10%,1.00%
01/20/2011 10:00,US,71),,Philadelphia Fed.,JAN,20.8,19.3,24.3,20.8
01/20/2011 15:30,US,72),,RPX Composite 28dy YoY,NOV,- -,-2.18%,-2.29%,- -
01/20/2011 15:30,US,73),,RPX Composite 28dy Index,30-Nov,- -,189.44,189.29,- -
01/25/2011 09:00,US,74),,S&P/CaseShiller Home Price Ind,NOV,- -,143.85,145.32,145.23
01/25/2011 09:00,US,75),,S&P/CS 20 City MoM% SA,NOV,-0.80%,-0.54%,-0.99%,-0.96%
01/25/2011 09:00,US,76),,S&P/CS Composite-20 YoY,NOV,-1.60%,-1.59%,-0.80%,-0.86%
01/25/2011 10:00,US,77),,Consumer Confidence,JAN,54,60.6,52.5,63.4
01/25/2011 10:00,US,78),,House Price Index MoM,NOV,0.00%,0.00%,0.70%,0.10%
01/25/2011 10:00,US,79),,Richmond Fed Manufact. Index,JAN,22,18,25,- -
01/25/2011 17:00,US,80),,ABC Consumer Confidence,23-Jan,-42,-44,-43,- -
01/25/2011 21:00,US,81),,President Obama's State of the Union Address,,,,,
01/26/2011 07:00,US,82),,MBA Mortgage Applications,21-Jan,- -,-12.90%,5.00%,- -
01/26/2011 10:00,US,83),,New Home Sales,DEC,300K,329K,290K,286K
01/26/2011 10:00,US,84),,New Home Sales MoM,DEC,3.50%,17.50%,5.50%,2.10%
01/26/2011 14:15,US,85),,FOMC Rate Decision,26-Jan,0.25%,0.25%,0.25%,- -
01/27/2011 08:30,US,86),,Chicago Fed Nat Activity Index,DEC,0.11,0.03,-0.46,-0.22
01/27/2011 08:30,US,87),,Durable Goods Orders,DEC,1.50%,-2.50%,-1.30%,-0.10%
01/27/2011 08:30,US,88),,Durables Ex Transportation,DEC,0.90%,0.50%,2.40%,4.60%
01/27/2011 08:30,US,89),,Cap Goods Orders Nondef Ex Air,DEC,1.30%,1.40%,2.60%,3.10%
01/27/2011 08:30,US,90),,Cap Goods Ship Nondef Ex Air,DEC,- -,1.70%,1.00%,1.40%
01/27/2011 08:30,US,91),,Initial Jobless Claims,22-Jan,405K,454K,404K,403K
01/27/2011 08:30,US,92),,Continuing Claims,15-Jan,3873K,3991K,3861K,3897K
01/27/2011 10:00,US,93),,Pending Home Sales MoM,DEC,1.00%,2.00%,3.50%,10.50%
01/27/2011 10:00,US,94),,Pending Home Sales YoY,DEC,- -,-3.60%,-2.40%,-2.80%
01/28/2011 08:30,US,95),,Employment Cost Index,4Q,0.50%,0.40%,0.40%,- -
01/28/2011 08:30,US,96),,GDP QoQ (Annualized),4Q A,3.50%,3.20%,2.60%,- -
01/28/2011 08:30,US,97),,GDP Price Index,4Q A,1.60%,0.30%,2.10%,- -
01/28/2011 08:30,US,98),,Core PCE QoQ,4Q A,0.40%,0.40%,0.50%,- -
01/28/2011 08:30,US,99),,Personal Consumption,4Q A,4.00%,4.40%,2.40%,- -
01/28/2011 09:55,US,100),,U. of Michigan Confidence,JAN F,73.3,74.2,72.7,- -
01/31/2011 08:30,US,101),,Personal Income,DEC,0.40%,0.40%,0.30%,0.30%
01/31/2011 08:30,US,102),,Personal Spending,DEC,0.50%,0.70%,0.40%,0.30%
01/31/2011 08:30,US,103),,PCE Core (MoM),DEC,0.10%,0.00%,0.10%,- -
01/31/2011 08:30,US,104),,PCE Core (YoY),DEC,0.80%,0.70%,0.80%,0.80%
01/31/2011 08:30,US,105),,PCE Deflator (YoY),DEC,1.30%,1.20%,1.00%,1.00%
01/31/2011 09:45,US,106),,Chicago Purchasing Manager,JAN,64.5,68.8,66.8,- -
01/31/2011 10:00,US,107),,NAPM-Milwaukee,JAN,- -,57,62,- -
01/31/2011 10:30,US,108),,Dallas Fed Manf. Activity,JAN,15,10.9,12.8,15.8
02/01/2011 10:00,US,109),,Construction Spending MoM,DEC,0.10%,-2.50%,0.40%,0.10%
02/01/2011 10:00,US,110),,ISM Manufacturing,JAN,58,60.8,57,58.5
02/01/2011 10:00,US,111),,ISM Prices Paid,JAN,73.5,81.5,72.5,- -
02/01/2011 17:00,US,112),,ABC Consumer Confidence,30-Jan,-43,-41,-44,- -
02/01/2011 17:00,US,113),,Domestic Vehicle Sales,JAN,9.42M,9.59M,9.46M,- -
02/01/2011 17:00,US,114),,Total Vehicle Sales,JAN,12.60M,12.53M,12.53M,- -
02/02/2011 07:00,US,115),,MBA Mortgage Applications,28-Jan,- -,11.30%,-12.90%,- -
02/02/2011 07:30,US,116),,Challenger Job Cuts YoY,JAN,- -,-46.10%,-29.00%,- -
02/02/2011 08:15,US,117),,ADP Employment Change,JAN,140K,187K,297K,246K
02/03/2011 08:30,US,118),,Nonfarm Productivity,4Q P,2.00%,2.60%,2.30%,2.40%
02/03/2011 08:30,US,119),,Unit Labor Costs,4Q P,0.20%,-0.60%,-0.10%,- -
02/03/2011 08:30,US,120),,Initial Jobless Claims,29-Jan,420K,415K,454K,457K
02/03/2011 08:30,US,121),,Continuing Claims,22-Jan,3950K,3925K,3991K,4009K
02/03/2011 10:00,US,122),,ISM Non-Manf. Composite,JAN,57.2,59.4,57.1,- -
02/03/2011 10:00,US,123),,Factory Orders,DEC,-0.50%,0.20%,0.70%,1.30%
02/03/2011 10:30,US,124),,ICSC Chain Store Sales YoY,JAN,- -,4.80%,3.10%,- -
02/04/2011 08:30,US,125),,Change in Nonfarm Payrolls,JAN,146K,36K,103K,152K
02/04/2011 08:30,US,126),,Change in Private Payrolls,JAN,145K,50K,113K,167K
02/04/2011 08:30,US,127),,Change in Manufact. Payrolls,JAN,10K,49K,10K,11K
02/04/2011 08:30,US,128),,Unemployment Rate,JAN,9.50%,9.00%,9.40%,- -
02/04/2011 08:30,US,129),,Avg Hourly Earning MOM All Emp,JAN,0.20%,0.40%,0.10%,0.00%
02/04/2011 08:30,US,130),,Avg Hourly Earning YOY All Emp,JAN,1.70%,1.90%,1.80%,1.70%
02/04/2011 08:30,US,131),,Avg Weekly Hours All Employees,JAN,34.3,34.2,34.3,34.2
02/07/2011 15:00,US,132),,Consumer Credit,DEC,$2.400B,$6.099B,$1.346B,$1.273B
02/08/2011 07:30,US,133),,NFIB Small Business Optimism,JAN,94,94.1,92.6,- -
02/08/2011 10:00,US,134),,IBD/TIPP Economic Optimism,FEB,50.3,50.9,51.9,- -
02/08/2011 10:00,US,135),,JOLTs Job Openings,DEC,- -,3063,3248,3202
02/08/2011 17:00,US,136),,ABC Consumer Confidence,6-Feb,-40,-46,-41,- -
02/09/2011 07:00,US,137),,MBA Mortgage Applications,4-Feb,- -,-5.50%,11.30%,- -
02/10/2011 08:30,US,138),,Initial Jobless Claims,5-Feb,410K,383K,415K,419K
02/10/2011 08:30,US,139),,Continuing Claims,29-Jan,3900K,3888K,3925K,3936K
02/10/2011 10:00,US,140),,Wholesale Inventories,DEC,0.70%,1.00%,-0.20%,0.00%
02/10/2011 14:00,US,141),,Monthly Budget Statement,JAN,-$56.2B,-$49.8B,-$42.6B,- -
02/11/2011 08:30,US,142),,Trade Balance,DEC,-$40.5B,-$40.6B,-$38.3B,-$38.2B
02/11/2011 09:55,US,143),,U. of Michigan Confidence,FEB P,75,75.1,74.2,- -
02/15/2011 08:30,US,144),,Empire Manufacturing,FEB,15,15.43,11.92,- -
02/15/2011 08:30,US,145),,Import Price Index (MoM),JAN,0.80%,1.50%,1.10%,1.40%
02/15/2011 08:30,US,146),,Import Price Index (YoY),JAN,4.40%,5.30%,4.80%,5.30%
02/15/2011 08:30,US,147),,Advance Retail Sales,JAN,0.50%,0.30%,0.60%,0.60%
02/15/2011 08:30,US,148),,Retail Sales Less Autos,JAN,0.50%,0.30%,0.50%,0.30%
02/15/2011 08:30,US,149),,Retail Sales Ex Auto & Gas,JAN,0.40%,0.20%,0.40%,0.10%
02/15/2011 09:00,US,150),,Total Net TIC Flows,DEC,$43.7B,$48.2B,$39.0B,$35.8B
02/15/2011 09:00,US,151),,Net Long-term TIC Flows,DEC,$40.0B,$65.9B,$85.1B,$85.5B
02/15/2011 10:00,US,152),,Business Inventories,DEC,0.70%,0.80%,0.20%,0.40%
02/15/2011 10:00,US,153),,NAHB Housing Market Index,FEB,16,16,16,- -
02/15/2011 11:00,US,154),,Bloomberg News Launches Consumer Comfort Index,,,,,
02/16/2011 07:00,US,155),,MBA Mortgage Applications,11-Feb,- -,-9.50%,-5.50%,- -
02/16/2011 08:30,US,156),,Housing Starts,JAN,539K,596K,529K,522K
02/16/2011 08:30,US,157),,Building Permits,JAN,559K,562K,635K,627K
02/16/2011 08:30,US,158),,Housing Starts MOM%,JAN,1.90%,14.60%,-4.30%,-5.10%
02/16/2011 08:30,US,159),,Building Permits MOM%,JAN,-10.90%,-10.40%,16.70%,15.30%
02/16/2011 08:30,US,160),,Producer Price Index (MoM),JAN,0.80%,0.80%,1.10%,1.10%
02/16/2011 08:30,US,161),,PPI Ex Food & Energy (MoM),JAN,0.20%,0.50%,0.20%,- -
02/16/2011 08:30,US,162),,Producer Price Index (YoY),JAN,3.50%,3.60%,4.00%,- -
02/16/2011 08:30,US,163),,PPI Ex Food & Energy (YoY),JAN,1.20%,1.60%,1.30%,- -
02/16/2011 09:15,US,164),,Industrial Production,JAN,0.50%,-0.10%,0.80%,1.30%
02/16/2011 09:15,US,165),,Capacity Utilization,JAN,76.30%,76.10%,76.00%,76.80%
02/16/2011 14:00,US,166),,Minutes of FOMC Meeting,,,,,
02/17/2011 08:30,US,167),,Consumer Price Index (MoM),JAN,0.30%,0.40%,0.50%,0.40%
02/17/2011 08:30,US,168),,CPI Ex Food & Energy (MoM),JAN,0.10%,0.20%,0.10%,- -
02/17/2011 08:30,US,169),,Consumer Price Index (YoY),JAN,1.60%,1.60%,1.50%,- -
02/17/2011 08:30,US,170),,CPI Ex Food & Energy (YoY),JAN,0.90%,1.00%,0.80%,- -
02/17/2011 08:30,US,171),,CPI Core Index SA,JAN,- -,222.587,222.187,222.21
02/17/2011 08:30,US,172),,Consumer Price Index NSA,JAN,220.176,220.223,219.179,- -
02/17/2011 08:30,US,173),,Initial Jobless Claims,12-Feb,400K,410K,383K,385K
02/17/2011 08:30,US,174),,Continuing Claims,5-Feb,3893K,3911K,3888K,3910K
02/17/2011 09:45,US,175),,Bloomberg Economic Expectations,FEB,- -,4,10,- -
02/17/2011 09:45,US,176),,Bloomberg Consumer Comfort,13-Feb,-43,-43.4,-46,- -
02/17/2011 10:00,US,177),,Mortgage Delinquencies,4Q,- -,8.22%,9.13%,- -
02/17/2011 10:00,US,178),,MBA Mortgage Foreclosures,4Q,- -,4.63%,4.39%,- -
02/17/2011 10:00,US,179),,Leading Indicators,JAN,0.20%,0.10%,1.00%,1.00%
02/17/2011 10:00,US,180),,Philadelphia Fed.,FEB,21,35.9,19.3,- -
02/17/2011 16:00,US,181),,RPX Composite 28dy YoY,DEC,- -,-3.63%,-2.18%,- -
02/17/2011 16:00,US,182),,RPX Composite 28dy Index,31-Dec,- -,186.61,189.44,- -
02/22/2011 09:00,US,183),,S&P/CaseShiller Home Price Ind,DEC,- -,142.42,143.85,143.75
02/22/2011 09:00,US,184),,S&P/CS 20 City MoM% SA,DEC,-0.50%,-0.41%,-0.54%,-0.54%
02/22/2011 09:00,US,185),,S&P/CS Composite-20 YoY,DEC,-2.30%,-2.38%,-1.59%,-1.66%
02/22/2011 09:00,US,186),,S&P/Case-Shiller US HPI,4Q,- -,130.38,135.48,135.64
02/22/2011 09:00,US,187),,S&P/Case-Shiller US HPI YOY%,4Q,-3.40%,-4.13%,-1.51%,-1.36%
02/22/2011 10:00,US,188),,Consumer Confidence,FEB,65.5,70.4,60.6,64.8
02/22/2011 10:00,US,189),,Richmond Fed Manufact. Index,FEB,18,25,18,- -
02/23/2011 07:00,US,190),,MBA Mortgage Applications,18-Feb,- -,13.20%,-9.50%,- -
02/23/2011 10:00,US,191),,Existing Home Sales,JAN,5.22M,5.36M,5.28M,5.22M
02/23/2011 10:00,US,192),,Existing Home Sales MoM,JAN,-1.10%,2.70%,12.30%,12.50%
02/24/2011 08:30,US,193),,Chicago Fed Nat Activity Index,JAN,0.09,-0.16,0.03,0.38
02/24/2011 08:30,US,194),,Initial Jobless Claims,19-Feb,405K,391K,410K,413K
02/24/2011 08:30,US,195),,Continuing Claims,12-Feb,3880K,3790K,3911K,3938K
02/24/2011 08:30,US,196),,Durable Goods Orders,JAN,2.80%,2.70%,-2.50%,-0.60%
02/24/2011 08:30,US,197),,Durables Ex Transportation,JAN,0.50%,-3.60%,0.50%,2.70%
02/24/2011 08:30,US,198),,Cap Goods Orders Nondef Ex Air,JAN,-1.00%,-6.90%,1.40%,4.30%
02/24/2011 08:30,US,199),,Cap Goods Ship Nondef Ex Air,JAN,- -,-2.00%,1.70%,2.50%
02/24/2011 09:45,US,200),,Bloomberg Consumer Comfort,20-Feb,- -,-39.2,-43.4,- -
02/24/2011 10:00,US,201),,New Home Sales,JAN,305K,284K,329K,333K
02/24/2011 10:00,US,202),,New Home Sales MoM,JAN,-7.30%,-12.60%,17.50%,16.40%
02/24/2011 10:00,US,203),,House Price Purchase Index QoQ,4Q,-0.60%,-0.80%,-1.60%,-1.80%
02/24/2011 10:00,US,204),,House Price Index MoM,DEC,-0.10%,-0.30%,0.00%,-0.40%
02/25/2011 08:30,US,205),,GDP QoQ (Annualized),4Q S,3.30%,2.80%,3.20%,2.80%
02/25/2011 08:30,US,206),,Personal Consumption,4Q S,4.20%,4.10%,4.40%,4.10%
02/25/2011 08:30,US,207),,GDP Price Index,4Q S,0.30%,0.40%,0.30%,0.40%
02/25/2011 08:30,US,208),,Core PCE QoQ,4Q S,0.40%,0.50%,0.40%,- -
02/25/2011 09:55,US,209),,U. of Michigan Confidence,FEB F,75.5,77.5,75.1,- -
02/28/2011 08:30,US,210),,Personal Income,JAN,0.40%,1.00%,0.40%,0.50%
02/28/2011 08:30,US,211),,Personal Spending,JAN,0.40%,0.20%,0.70%,0.40%
02/28/2011 08:30,US,212),,PCE Deflator (YoY),JAN,1.30%,1.20%,1.20%,1.10%
02/28/2011 08:30,US,213),,PCE Core (MoM),JAN,0.10%,0.10%,0.00%,- -
02/28/2011 08:30,US,214),,PCE Core (YoY),JAN,0.80%,0.80%,0.70%,0.70%
02/28/2011 09:45,US,215),,Chicago Purchasing Manager,FEB,67.5,71.2,68.8,- -
02/28/2011 10:00,US,216),,NAPM-Milwaukee,FEB,59.9,63,57,- -
02/28/2011 10:00,US,217),,Pending Home Sales MoM,JAN,-2.30%,-2.80%,2.00%,-3.20%
02/28/2011 10:00,US,218),,Pending Home Sales YoY,JAN,- -,-4.40%,-3.60%,-3.30%
02/28/2011 10:30,US,219),,Dallas Fed Manf. Activity,FEB,13,17.5,10.9,- -
03/01/2011 10:00,US,220),,Construction Spending MoM,JAN,-0.40%,-0.70%,-2.50%,-3.20%
03/01/2011 10:00,US,221),,ISM Manufacturing,FEB,61,61.4,60.8,- -
03/01/2011 10:00,US,222),,ISM Prices Paid,FEB,83,82,81.5,- -
03/01/2011 17:00,US,223),,Total Vehicle Sales,FEB,12.60M,13.38M,12.53M,12.54M
03/01/2011 17:00,US,224),,Domestic Vehicle Sales,FEB,9.61M,10.22M,9.59M,- -
03/02/2011 07:00,US,225),,MBA Mortgage Applications,25-Feb,- -,-6.50%,13.20%,- -
03/02/2011 07:30,US,226),,Challenger Job Cuts YoY,FEB,- -,20.50%,-46.10%,- -
03/02/2011 08:15,US,227),,ADP Employment Change,FEB,180K,217K,187K,190K
03/02/2011 14:00,US,228),,Fed's Beige Book,,,,,
03/03/2011 08:30,US,229),,Initial Jobless Claims,26-Feb,395K,368K,391K,388K
03/03/2011 08:30,US,230),,Continuing Claims,19-Feb,3815K,3774K,3790K,3833K
03/03/2011 08:30,US,231),,Nonfarm Productivity,4Q F,2.30%,2.60%,2.60%,- -
03/03/2011 08:30,US,232),,Unit Labor Costs,4Q F,-0.50%,-0.60%,-0.60%,- -
03/03/2011 09:45,US,233),,Bloomberg Consumer Comfort,27-Feb,-40.2,-39.3,-39.2,-39.6
03/03/2011 10:00,US,234),,ISM Non-Manf. Composite,FEB,59.3,59.7,59.4,- -
03/03/2011 11:44,US,235),,ICSC Chain Store Sales YoY,FEB,- -,4.20%,4.80%,4.70%
03/04/2011 08:30,US,236),,Change in Nonfarm Payrolls,FEB,196K,192K,36K,63K
03/04/2011 08:30,US,237),,Change in Private Payrolls,FEB,200K,222K,50K,68K
03/04/2011 08:30,US,238),,Change in Manufact. Payrolls,FEB,25K,33K,49K,53K
03/04/2011 08:30,US,239),,Unemployment Rate,FEB,9.10%,8.90%,9.00%,- -
03/04/2011 08:30,US,240),,Avg Hourly Earning MOM All Emp,FEB,0.20%,0.00%,0.40%,- -
03/04/2011 08:30,US,241),,Avg Hourly Earning YOY All Emp,FEB,1.90%,1.70%,1.90%,- -
03/04/2011 08:30,US,242),,Avg Weekly Hours All Employees,FEB,34.3,34.2,34.2,- -
03/04/2011 10:00,US,243),,Factory Orders,JAN,2.00%,3.10%,0.20%,1.40%
03/07/2011 15:00,US,244),,Consumer Credit,JAN,$3.500B,$5.014B,$6.099B,$4.680B
03/08/2011 07:30,US,245),,NFIB Small Business Optimism,FEB,95,94.5,94.1,- -
03/08/2011 10:00,US,246),,IBD/TIPP Economic Optimism,MAR,51.6,43,50.9,- -
03/09/2011 07:00,US,247),,MBA Mortgage Applications,4-Mar,- -,15.50%,-6.50%,- -
03/09/2011 10:00,US,248),,Wholesale Inventories,JAN,0.90%,1.10%,1.00%,1.20%
03/10/2011 08:30,US,249),,Initial Jobless Claims,5-Mar,376K,397K,368K,371K
03/10/2011 08:30,US,250),,Continuing Claims,26-Feb,3750K,3771K,3774K,3791K
03/10/2011 08:30,US,251),,Trade Balance,JAN,-$41.5B,-$46.3B,-$40.6B,-$40.3B
03/10/2011 09:45,US,252),,Bloomberg Consumer Comfort,6-Mar,- -,-44.5,-39.3,-39.7
03/10/2011 12:00,US,253),,Flow of Funds,,,,,
03/10/2011 14:00,US,254),,Monthly Budget Statement,FEB,-$225.2B,-$222.5B,-$220.9B,- -
03/11/2011 08:30,US,255),,Advance Retail Sales,FEB,1.00%,1.00%,0.30%,0.80%
03/11/2011 08:30,US,256),,Retail Sales Less Autos,FEB,0.70%,0.70%,0.30%,0.90%
03/11/2011 08:30,US,257),,Retail Sales Ex Auto & Gas,FEB,0.50%,0.60%,0.20%,0.80%
03/11/2011 09:55,US,258),,U. of Michigan Confidence,MAR P,76.3,68.2,77.5,- -
03/11/2011 10:00,US,259),,JOLTs Job Openings,JAN,- -,2760,3063,2921
03/11/2011 10:00,US,260),,Business Inventories,JAN,0.80%,0.90%,0.80%,1.10%
03/15/2011 08:30,US,261),,Empire Manufacturing,MAR,16.1,17.5,15.43,- -
03/15/2011 08:30,US,262),,Import Price Index (MoM),FEB,0.90%,1.40%,1.50%,1.50%
03/15/2011 08:30,US,263),,Import Price Index (YoY),FEB,6.30%,6.90%,5.30%,5.40%
03/15/2011 09:00,US,264),,Total Net TIC Flows,JAN,$37.5B,$32.5B,$48.2B,$50.1B
03/15/2011 09:00,US,265),,Net Long-term TIC Flows,JAN,$55.0B,$51.5B,$65.9B,$62.5B
03/15/2011 10:00,US,266),,NAHB Housing Market Index,MAR,17,17,16,- -
03/15/2011 14:15,US,267),,FOMC Rate Decision,15-Mar,0.25%,0.25%,0.25%,- -
03/16/2011 07:00,US,268),,MBA Mortgage Applications,11-Mar,- -,-0.70%,15.50%,- -
03/16/2011 08:30,US,269),,Housing Starts,FEB,566K,479K,596K,628K
03/16/2011 08:30,US,270),,Building Permits,FEB,570K,517K,562K,563K
03/16/2011 08:30,US,271),,Housing Starts MOM%,FEB,-5.00%,-22.50%,14.60%,18.50%
03/16/2011 08:30,US,272),,Building Permits MOM%,FEB,1.20%,-8.20%,-10.40%,-10.20%
03/16/2011 08:30,US,273),,Producer Price Index (MoM),FEB,0.70%,1.60%,0.80%,- -
03/16/2011 08:30,US,274),,PPI Ex Food & Energy (MoM),FEB,0.20%,0.20%,0.50%,- -
03/16/2011 08:30,US,275),,Producer Price Index (YoY),FEB,4.70%,5.60%,3.60%,- -
03/16/2011 08:30,US,276),,PPI Ex Food & Energy (YoY),FEB,1.80%,1.80%,1.60%,- -
03/16/2011 08:30,US,277),,Current Account Balance,4Q,-$110.0B,-$113.3B,-$127.2B,-$125.5B
03/17/2011 08:30,US,278),,Consumer Price Index (MoM),FEB,0.40%,0.50%,0.40%,- -
03/17/2011 08:30,US,279),,CPI Ex Food & Energy (MoM),FEB,0.10%,0.20%,0.20%,- -
03/17/2011 08:30,US,280),,Consumer Price Index (YoY),FEB,2.00%,2.10%,1.60%,- -
03/17/2011 08:30,US,281),,CPI Ex Food & Energy (YoY),FEB,1.00%,1.10%,1.00%,- -
03/17/2011 08:30,US,282),,CPI Core Index SA,FEB,- -,223.029,222.587,- -
03/17/2011 08:30,US,283),,Consumer Price Index NSA,FEB,221.1,221.309,220.223,- -
03/17/2011 08:30,US,284),,Initial Jobless Claims,12-Mar,388K,385K,397K,401K
03/17/2011 08:30,US,285),,Continuing Claims,5-Mar,3750K,3706K,3771K,3786K
03/17/2011 09:15,US,286),,Industrial Production,FEB,0.60%,-0.10%,-0.10%,0.10%
03/17/2011 09:15,US,287),,Capacity Utilization,FEB,76.50%,76.30%,76.10%,76.90%
03/17/2011 09:45,US,288),,Bloomberg Economic Expectations,MAR,- -,-8,4,- -
03/17/2011 09:45,US,289),,Bloomberg Consumer Comfort,13-Mar,-47.5,-48.5,-44.5,- -
03/17/2011 10:00,US,290),,Leading Indicators,FEB,0.90%,0.80%,0.10%,0.20%
03/17/2011 10:00,US,291),,Philadelphia Fed.,MAR,28.8,43.4,35.9,- -
03/21/2011 08:30,US,292),,Chicago Fed Nat Activity Index,FEB,-0.2,-0.04,-0.16,-0.01
03/21/2011 10:00,US,293),,Existing Home Sales,FEB,5.13M,4.88M,5.36M,5.40M
03/21/2011 10:00,US,294),,Existing Home Sales MoM,FEB,-4.20%,-9.60%,2.70%,3.40%
03/22/2011 10:00,US,295),,House Price Index MoM,JAN,-0.20%,-0.30%,-0.30%,-1.00%
03/22/2011 10:00,US,296),,Richmond Fed Manufact. Index,MAR,24,20,25,- -
03/23/2011 07:00,US,297),,MBA Mortgage Applications,18-Mar,- -,2.70%,-0.70%,- -
03/23/2011 10:00,US,298),,New Home Sales,FEB,290K,250K,284K,301K
03/23/2011 10:00,US,299),,New Home Sales MoM,FEB,2.10%,-16.90%,-12.60%,-9.60%
03/24/2011 08:30,US,300),,Durable Goods Orders,FEB,1.20%,-0.90%,2.70%,3.70%
03/24/2011 08:30,US,301),,Durables Ex Transportation,FEB,2.00%,-0.60%,-3.60%,-2.90%
03/24/2011 08:30,US,302),,Cap Goods Orders Nondef Ex Air,FEB,4.30%,-1.30%,-6.90%,-6.00%
03/24/2011 08:30,US,303),,Cap Goods Ship Nondef Ex Air,FEB,- -,0.80%,-2.00%,-2.30%
03/24/2011 08:30,US,304),,Initial Jobless Claims,19-Mar,383K,382K,385K,387K
03/24/2011 08:30,US,305),,Continuing Claims,12-Mar,3700K,3721K,3706K,3723K
03/24/2011 09:45,US,306),,Bloomberg Consumer Comfort,20-Mar,-48.5,-48.9,-48.5,- -
03/24/2011 16:00,US,307),,RPX Composite 28dy YoY,JAN,- -,-3.39%,-3.63%,- -
03/24/2011 16:00,US,308),,RPX Composite 28dy Index,31-Jan,- -,179.5,186.61,- -
03/25/2011 08:30,US,309),,GDP QoQ (Annualized),4Q T,3.00%,3.10%,2.80%,- -
03/25/2011 08:30,US,310),,GDP Price Index,4Q T,0.40%,0.40%,0.40%,- -
03/25/2011 08:30,US,311),,Core PCE QoQ,4Q T,0.50%,0.40%,0.50%,- -
03/25/2011 08:30,US,312),,Personal Consumption,4Q T,4.10%,4.00%,4.10%,- -
03/25/2011 09:55,US,313),,U. of Michigan Confidence,MAR F,68,67.5,68.2,- -
03/25/2011 12:00,US,314),,Annual Revisions: Industrial Production,,,,,
03/28/2011 08:30,US,315),,Personal Income,FEB,0.40%,0.30%,1.00%,1.20%
03/28/2011 08:30,US,316),,Personal Spending,FEB,0.50%,0.70%,0.20%,0.30%
03/28/2011 08:30,US,317),,PCE Core (MoM),FEB,0.20%,0.20%,0.10%,0.20%
03/28/2011 08:30,US,318),,PCE Core (YoY),FEB,0.90%,0.90%,0.80%,- -
03/28/2011 08:30,US,319),,PCE Deflator (YoY),FEB,1.60%,1.60%,1.20%,- -
03/28/2011 10:00,US,320),,Pending Home Sales MoM,FEB,0.00%,2.10%,-2.80%,- -
03/28/2011 10:00,US,321),,Pending Home Sales YoY,FEB,- -,-9.30%,-4.40%,- -
03/28/2011 10:30,US,322),,Dallas Fed Manf. Activity,MAR,18.4,11.5,17.5,- -
03/29/2011 09:00,US,323),,S&P/CaseShiller Home Price Ind,JAN,- -,140.86,142.42,142.34
03/29/2011 09:00,US,324),,S&P/CS 20 City MoM% SA,JAN,-0.44%,-0.22%,-0.41%,-0.39%
03/29/2011 09:00,US,325),,S&P/CS Composite-20 YoY,JAN,-3.20%,-3.06%,-2.38%,-2.43%
03/29/2011 10:00,US,326),,Consumer Confidence,MAR,65,63.4,70.4,72
03/30/2011 07:00,US,327),,MBA Mortgage Applications,25-Mar,- -,-7.50%,2.70%,- -
03/30/2011 07:30,US,328),,Challenger Job Cuts YoY,MAR,- -,-38.60%,20.00%,20.50%
03/30/2011 08:15,US,329),,ADP Employment Change,MAR,208K,201K,217K,208K
03/31/2011 08:30,US,330),,Annual Revisions: Jobless Claims,,,,,
03/31/2011 08:30,US,331),,Initial Jobless Claims,26-Mar,380K,388K,382K,394K
03/31/2011 08:30,US,332),,Continuing Claims,19-Mar,3705K,3714K,3721K,3765K
03/31/2011 09:45,US,333),,Chicago Purchasing Manager,MAR,69.9,70.6,71.2,- -
03/31/2011 09:45,US,334),,Bloomberg Consumer Comfort,27-Mar,- -,-46.9,-48.9,- -
03/31/2011 10:00,US,335),,Annual Revisions: Wholesale Inventories,,,,,
03/31/2011 10:00,US,336),,NAPM-Milwaukee,MAR,- -,66,63,- -
03/31/2011 10:00,US,337),,Factory Orders,FEB,0.50%,-0.10%,3.10%,3.30%
04/01/2011 08:30,US,338),,Change in Nonfarm Payrolls,MAR,190K,216K,192K,194K
04/01/2011 08:30,US,339),,Change in Private Payrolls,MAR,206K,230K,222K,240K
04/01/2011 08:30,US,340),,Change in Manufact. Payrolls,MAR,30K,17K,33K,32K
04/01/2011 08:30,US,341),,Unemployment Rate,MAR,8.90%,8.80%,8.90%,- -
04/01/2011 08:30,US,342),,Avg Hourly Earning MOM All Emp,MAR,0.20%,0.00%,0.00%,- -
04/01/2011 08:30,US,343),,Avg Hourly Earning YOY All Emp,MAR,1.90%,1.70%,1.70%,- -
04/01/2011 08:30,US,344),,Avg Weekly Hours All Employees,MAR,34.3,34.3,34.2,34.3
04/01/2011 10:00,US,345),,Construction Spending MoM,FEB,-0.20%,-1.40%,-0.70%,-1.80%
04/01/2011 10:00,US,346),,ISM Manufacturing,MAR,61.1,61.2,61.4,- -
04/01/2011 10:00,US,347),,ISM Prices Paid,MAR,82.9,85,82,- -
04/01/2011 17:00,US,348),,Domestic Vehicle Sales,MAR,10.12M,9.94M,10.22M,- -
04/01/2011 17:00,US,349),,Total Vehicle Sales,MAR,13.25M,13.06M,13.38M,- -
04/05/2011 10:00,US,350),,ISM Non-Manf. Composite,MAR,59.5,57.3,59.7,- -
04/05/2011 14:00,US,351),,Minutes of FOMC Meeting,,,,,
04/06/2011 07:00,US,352),,MBA Mortgage Applications,1-Apr,- -,-2.00%,-7.50%,- -
04/07/2011 08:30,US,353),,Initial Jobless Claims,2-Apr,385K,382K,388K,392K
04/07/2011 08:30,US,354),,Continuing Claims,26-Mar,3700K,3723K,3714K,3732K
04/07/2011 09:45,US,355),,Bloomberg Consumer Comfort,3-Apr,- -,-44.5,-46.9,- -
04/07/2011 10:40,US,356),,ICSC Chain Store Sales YoY,MAR,- -,2.00%,4.20%,- -
04/07/2011 15:00,US,357),,Consumer Credit,FEB,$4.700B,$7.617B,$5.014B,$4.446B
04/08/2011 10:00,US,358),,Wholesale Inventories,FEB,1.00%,1.00%,1.10%,1.00%
04/12/2011 07:30,US,359),,NFIB Small Business Optimism,MAR,95,91.9,94.5,- -
04/12/2011 08:30,US,360),,Import Price Index (MoM),MAR,2.10%,2.70%,1.40%,- -
04/12/2011 08:30,US,361),,Import Price Index (YoY),MAR,8.60%,9.70%,6.90%,7.20%
04/12/2011 08:30,US,362),,Trade Balance,FEB,-$44.0B,-$45.8B,-$46.3B,-$47.0B
04/12/2011 10:00,US,363),,IBD/TIPP Economic Optimism,APR,45,40.8,43,- -
04/12/2011 14:00,US,364),,Monthly Budget Statement,MAR,-$189.0B,-$188.2B,-$65.4B,- -
04/13/2011 07:00,US,365),,MBA Mortgage Applications,8-Apr,- -,-6.70%,-2.00%,- -
04/13/2011 08:30,US,366),,Advance Retail Sales,MAR,0.50%,0.40%,1.00%,1.10%
04/13/2011 08:30,US,367),,Retail Sales Less Autos,MAR,0.70%,0.80%,0.70%,1.10%
04/13/2011 08:30,US,368),,Retail Sales Ex Auto & Gas,MAR,0.50%,0.60%,0.60%,0.90%
04/13/2011 10:00,US,369),,Business Inventories,FEB,0.80%,0.50%,0.90%,1.00%
04/13/2011 10:00,US,370),,Annual Revisions: Business Inventories (wholesale portion),,,,,
04/13/2011 10:00,US,371),,JOLTs Job Openings,FEB,- -,3093,2760,2741
04/13/2011 14:00,US,372),,Fed's Beige Book,,,,,
04/14/2011 08:30,US,373),,Initial Jobless Claims,9-Apr,380K,412K,382K,385K
04/14/2011 08:30,US,374),,Continuing Claims,2-Apr,3705K,3680K,3723K,3738K
04/14/2011 08:30,US,375),,Producer Price Index (MoM),MAR,1.00%,0.70%,1.60%,- -
04/14/2011 08:30,US,376),,PPI Ex Food & Energy (MoM),MAR,0.20%,0.30%,0.20%,- -
04/14/2011 08:30,US,377),,Producer Price Index (YoY),MAR,6.10%,5.80%,5.60%,- -
04/14/2011 08:30,US,378),,PPI Ex Food & Energy (YoY),MAR,1.90%,1.90%,1.80%,- -
04/14/2011 09:45,US,379),,Bloomberg Consumer Comfort,10-Apr,-44.7,-43,-44.5,- -
04/15/2011 08:30,US,380),,Consumer Price Index (MoM),MAR,0.50%,0.50%,0.50%,- -
04/15/2011 08:30,US,381),,CPI Ex Food & Energy (MoM),MAR,0.20%,0.10%,0.20%,- -
04/15/2011 08:30,US,382),,Consumer Price Index (YoY),MAR,2.60%,2.70%,2.10%,- -
04/15/2011 08:30,US,383),,CPI Ex Food & Energy (YoY),MAR,1.20%,1.20%,1.10%,- -
04/15/2011 08:30,US,384),,CPI Core Index SA,MAR,- -,223.331,223.029,- -
04/15/2011 08:30,US,385),,Consumer Price Index NSA,MAR,223.15,223.467,221.309,- -
04/15/2011 08:30,US,386),,Empire Manufacturing,APR,17,21.7,17.5,- -
04/15/2011 09:00,US,387),,Total Net TIC Flows,FEB,- -,$97.7B,$32.5B,$30.6B
04/15/2011 09:00,US,388),,Net Long-term TIC Flows,FEB,$40.0B,$26.9B,$51.5B,$51.1B
04/15/2011 09:15,US,389),,Industrial Production,MAR,0.60%,0.80%,-0.10%,0.10%
04/15/2011 09:15,US,390),,Capacity Utilization,MAR,77.40%,77.40%,76.30%,76.90%
04/15/2011 09:55,US,391),,U. of Michigan Confidence,APR P,68.8,69.6,67.5,- -
04/18/2011 10:00,US,392),,NAHB Housing Market Index,APR,17,16,17,- -
04/19/2011 08:30,US,393),,Building Permits MOM%,MAR,1.10%,11.20%,-8.20%,-5.20%
04/19/2011 08:30,US,394),,Building Permits,MAR,540K,594K,517K,534K
04/19/2011 08:30,US,395),,Housing Starts MOM%,MAR,8.60%,7.20%,-22.50%,-18.50%
04/19/2011 08:30,US,396),,Housing Starts,MAR,520K,549K,479K,512K
04/19/2011 10:00,US,397),,State Employment and Unemployment,,,,,
04/20/2011 07:00,US,398),,MBA Mortgage Applications,15-Apr,- -,5.30%,-6.70%,- -
04/20/2011 10:00,US,399),,Existing Home Sales MoM,MAR,2.50%,3.70%,-9.60%,-8.90%
04/20/2011 10:00,US,400),,Existing Home Sales,MAR,5.00M,5.10M,4.88M,4.92M
04/21/2011 08:30,US,401),,Initial Jobless Claims,16-Apr,390K,403K,412K,416K
04/21/2011 08:30,US,402),,Continuing Claims,9-Apr,3675K,3695K,3680K,3702K
04/21/2011 09:45,US,403),,Bloomberg Economic Expectations,APR,- -,-16,-8,- -
04/21/2011 09:45,US,404),,Bloomberg Consumer Comfort,17-Apr,-43.6,-42.6,-43,- -
04/21/2011 10:00,US,405),,House Price Index MoM,FEB,-0.30%,-1.60%,-0.30%,-1.00%
04/21/2011 10:00,US,406),,Leading Indicators,MAR,0.30%,0.40%,0.80%,1.00%
04/21/2011 10:00,US,407),,Philadelphia Fed.,APR,36.9,18.5,43.4,- -
04/21/2011 16:00,US,408),,RPX Composite 28dy YoY,FEB,- -,-4.27%,-3.39%,- -
04/21/2011 16:00,US,409),,RPX Composite 28dy Index,28-Feb,- -,178.63,179.5,- -
04/25/2011 10:00,US,410),,New Home Sales MoM,MAR,12.00%,- -,-16.90%,- -
04/25/2011 10:00,US,411),,New Home Sales,MAR,280K,- -,250K,- -
04/25/2011 10:30,US,412),,Dallas Fed Manf. Activity,APR,13.4,- -,11.5,- -
04/26/2011 09:00,US,413),,S&P/CaseShiller Home Price Ind,FEB,- -,- -,140.86,- -
04/26/2011 09:00,US,414),,S&P/CS 20 City MoM% SA,FEB,-0.40%,- -,-0.22%,- -
04/26/2011 09:00,US,415),,S&P/CS Composite-20 YoY,FEB,-3.29%,- -,-3.06%,- -
04/26/2011 10:00,US,416),,Consumer Confidence,APR,64.5,- -,63.4,- -
04/26/2011 10:00,US,417),,Richmond Fed Manufact. Index,APR,20,- -,20,- -
04/27/2011 07:00,US,418),,MBA Mortgage Applications,22-Apr,- -,- -,5.30%,- -
04/27/2011 08:30,US,419),,Cap Goods Orders Nondef Ex Air,MAR,3.40%,- -,-1.30%,- -
04/27/2011 08:30,US,420),,Cap Goods Ship Nondef Ex Air,MAR,- -,- -,0.80%,- -
04/27/2011 08:30,US,421),,Durable Goods Orders,MAR,2.00%,- -,-0.90%,-0.60%
04/27/2011 08:30,US,422),,Durables Ex Transportation,MAR,1.80%,- -,-0.60%,-0.30%
04/27/2011 12:30,US,423),,FOMC Rate Decision,27-Apr,0.25%,- -,0.25%,- -
04/28/2011 08:30,US,424),,Chicago Fed Nat Activity Index,MAR,- -,- -,-0.04,- -
04/28/2011 08:30,US,425),,GDP QoQ (Annualized),1Q A,1.90%,- -,3.10%,- -
04/28/2011 08:30,US,426),,GDP Price Index,1Q A,2.40%,- -,0.40%,- -
04/28/2011 08:30,US,427),,Core PCE QoQ,1Q A,1.30%,- -,0.40%,- -
04/28/2011 08:30,US,428),,Personal Consumption,1Q A,2.10%,- -,4.00%,- -
04/28/2011 08:30,US,429),,Initial Jobless Claims,23-Apr,395K,- -,403K,- -
04/28/2011 08:30,US,430),,Continuing Claims,16-Apr,3680K,- -,3695K,- -
04/28/2011 09:45,US,431),,Bloomberg Consumer Comfort,24-Apr,- -,- -,-42.6,- -
04/28/2011 10:00,US,432),,Pending Home Sales MoM,MAR,1.70%,- -,2.10%,- -
04/28/2011 10:00,US,433),,Pending Home Sales YoY,MAR,- -,- -,-9.30%,- -
04/29/2011 08:30,US,434),,Employment Cost Index,1Q,0.50%,- -,0.40%,- -
04/29/2011 08:30,US,435),,PCE Core (MoM),MAR,0.10%,- -,0.20%,- -
04/29/2011 08:30,US,436),,Personal Spending,MAR,0.50%,- -,0.70%,- -
04/29/2011 08:30,US,437),,PCE Core (YoY),MAR,0.90%,- -,0.90%,- -
04/29/2011 08:30,US,438),,PCE Deflator (YoY),MAR,1.90%,- -,1.60%,- -
04/29/2011 08:30,US,439),,Personal Income,MAR,0.40%,- -,0.30%,- -
04/29/2011 09:45,US,440),,Chicago Purchasing Manager,APR,68.2,- -,70.6,- -
04/29/2011 09:55,US,441),,U. of Michigan Confidence,APR F,70,- -,69.6,- -
04/29/2011 10:00,US,442),,Annual Revisions: Retail Sales,,,,,
04/29/2011 10:00,US,443),,NAPM-Milwaukee,APR,64,- -,66,- -
05/02/2011 10:00,US,444),,Construction Spending MoM,MAR,0.30%,- -,-1.40%,- -
05/02/2011 10:00,US,445),,Annual Revisions: Construction Spending,,,,,
05/02/2011 10:00,US,446),,ISM Manufacturing,APR,60.2,- -,61.2,- -
05/02/2011 10:00,US,447),,ISM Prices Paid,APR,82,- -,85,- -
05/03/2011 10:00,US,448),,Factory Orders,MAR,1.50%,- -,-0.10%,- -
05/03/2011 17:00,US,449),,Domestic Vehicle Sales,APR,9.80M,- -,9.94M,- -
05/03/2011 17:00,US,450),,Total Vehicle Sales,APR,12.88M,- -,13.06M,- -
05/04/2011 07:00,US,451),,MBA Mortgage Applications,29-Apr,- -,- -,- -,- -
05/04/2011 07:30,US,452),,Challenger Job Cuts YoY,APR,- -,- -,-38.60%,- -
05/04/2011 08:15,US,453),,ADP Employment Change,APR,200K,- -,201K,- -
05/04/2011 10:00,US,454),,ISM Non-Manf. Composite,APR,58.1,- -,57.3,- -
05/05/2011 08:30,US,455),,Unit Labor Costs,1Q P,2.10%,- -,-0.60%,- -
05/05/2011 08:30,US,456),,Initial Jobless Claims,30-Apr,- -,- -,- -,- -
05/05/2011 08:30,US,457),,Continuing Claims,23-Apr,- -,- -,- -,- -
05/05/2011 08:30,US,458),,Nonfarm Productivity,1Q P,0.50%,- -,2.60%,- -
05/05/2011 09:45,US,459),,Bloomberg Consumer Comfort,1-May,- -,- -,- -,- -
05/05/2011,US,460),,ICSC Chain Store Sales YoY,APR,- -,- -,2.00%,- -
05/06/2011 08:30,US,461),,Change in Nonfarm Payrolls,APR,190K,- -,216K,- -
05/06/2011 08:30,US,462),,Change in Private Payrolls,APR,200K,- -,230K,- -
05/06/2011 08:30,US,463),,Change in Manufact. Payrolls,APR,18K,- -,17K,- -
05/06/2011 08:30,US,464),,Avg Hourly Earning MOM All Emp,APR,0.20%,- -,0.00%,- -
05/06/2011 08:30,US,465),,Avg Hourly Earning YOY All Emp,APR,- -,- -,1.70%,- -
05/06/2011 08:30,US,466),,Avg Weekly Hours All Employees,APR,34.3,- -,34.3,- -
05/06/2011 08:30,US,467),,Unemployment Rate,APR,8.80%,- -,8.80%,- -
05/06/2011 08:30,US,468),,Change in Household Survey Employment,APR,- -,- -,291,- -
05/06/2011 15:00,US,469),,Consumer Credit,MAR,$5.000B,- -,$7.617B,- -
05/10/2011 07:30,US,470),,NFIB Small Business Optimism,APR,- -,- -,91.9,- -
05/10/2011 08:30,US,471),,Import Price Index (MoM),APR,- -,- -,2.70%,- -
05/10/2011 08:30,US,472),,Import Price Index (YoY),APR,- -,- -,9.70%,- -
05/10/2011 10:00,US,473),,IBD/TIPP Economic Optimism,MAY,- -,- -,40.8,- -
05/10/2011 10:00,US,474),,Wholesale Inventories,MAR,- -,- -,1.00%,- -
05/11/2011 07:00,US,475),,MBA Mortgage Applications,6-May,- -,- -,- -,- -
05/11/2011 08:30,US,476),,Trade Balance,MAR,- -,- -,-$45.8B,- -
05/11/2011 10:00,US,477),,JOLTs Job Openings,MAR,- -,- -,3093,- -
05/11/2011 14:00,US,478),,Monthly Budget Statement,APR,- -,- -,-$188.2B,- -
05/12/2011 08:30,US,479),,Initial Jobless Claims,7-May,- -,- -,- -,- -
05/12/2011 08:30,US,480),,Continuing Claims,30-Apr,- -,- -,- -,- -
05/12/2011 08:30,US,481),,Producer Price Index (MoM),APR,- -,- -,0.70%,- -
05/12/2011 08:30,US,482),,PPI Ex Food & Energy (YoY),APR,- -,- -,1.90%,- -
05/12/2011 08:30,US,483),,Producer Price Index (YoY),APR,- -,- -,5.80%,- -
05/12/2011 08:30,US,484),,PPI Ex Food & Energy (MoM),APR,- -,- -,0.30%,- -
05/12/2011 08:30,US,485),,Advance Retail Sales,APR,- -,- -,0.40%,- -
05/12/2011 08:30,US,486),,Retail Sales Ex Auto & Gas,APR,- -,- -,0.60%,- -
05/12/2011 08:30,US,487),,Retail Sales Less Autos,APR,- -,- -,0.80%,- -
05/12/2011 09:45,US,488),,Bloomberg Consumer Comfort,8-May,- -,- -,- -,- -
05/12/2011 10:00,US,489),,Annual Revisions: Business Inventories (retail portion),,,,,
05/12/2011 10:00,US,490),,Business Inventories,MAR,- -,- -,0.50%,- -
05/13/2011 08:30,US,491),,Consumer Price Index (MoM),APR,- -,- -,0.50%,- -
05/13/2011 08:30,US,492),,CPI Ex Food & Energy (YoY),APR,- -,- -,1.20%,- -
05/13/2011 08:30,US,493),,Consumer Price Index (YoY),APR,- -,- -,2.70%,- -
05/13/2011 08:30,US,494),,CPI Core Index SA,APR,- -,- -,223.331,- -
05/13/2011 08:30,US,495),,CPI Ex Food & Energy (MoM),APR,- -,- -,0.10%,- -
05/13/2011 08:30,US,496),,Consumer Price Index NSA,APR,- -,- -,223.467,- -
05/13/2011 09:55,US,497),,U. of Michigan Confidence,MAY P,- -,- -,- -,- -
05/13/2011 10:00,US,498),,Annual Revisions: Durable Goods,,,,,
05/16/2011 08:30,US,499),,Empire Manufacturing,MAY,- -,- -,21.7,- -
05/16/2011 09:00,US,500),,Total Net TIC Flows,MAR,- -,- -,$97.7B,- -
05/16/2011 09:00,US,501),,Net Long-term TIC Flows,MAR,- -,- -,$26.9B,- -
05/16/2011 10:00,US,502),,NAHB Housing Market Index,MAY,- -,- -,16,- -
16-20 MAY,US,503),,Mortgage Delinquencies,1Q,- -,- -,8.22%,- -
16-20 MAY,US,504),,MBA Mortgage Foreclosures,1Q,- -,- -,4.63%,- -
05/17/2011 08:30,US,505),,Building Permits MOM%,APR,- -,- -,11.20%,- -
05/17/2011 08:30,US,506),,Housing Starts MOM%,APR,- -,- -,7.20%,- -
05/17/2011 08:30,US,507),,Building Permits,APR,- -,- -,594K,- -
05/17/2011 08:30,US,508),,Housing Starts,APR,- -,- -,549K,- -
05/17/2011 09:15,US,509),,Capacity Utilization,APR,- -,- -,77.40%,- -
05/17/2011 09:15,US,510),,Industrial Production,APR,- -,- -,0.80%,- -
05/18/2011 07:00,US,511),,MBA Mortgage Applications,13-May,- -,- -,- -,- -
05/18/2011 14:00,US,512),,Minutes of FOMC Meeting,,,,,
05/19/2011 08:30,US,513),,Initial Jobless Claims,14-May,- -,- -,- -,- -
05/19/2011 08:30,US,514),,Continuing Claims,7-May,- -,- -,- -,- -
05/19/2011 09:45,US,515),,Bloomberg Economic Expectations,MAY,- -,- -,-16,- -
05/19/2011 09:45,US,516),,Bloomberg Consumer Comfort,15-May,- -,- -,- -,- -
05/19/2011 10:00,US,517),,Existing Home Sales MoM,APR,- -,- -,3.70%,- -
05/19/2011 10:00,US,518),,Existing Home Sales,APR,- -,- -,5.10M,- -
05/19/2011 10:00,US,519),,Leading Indicators,APR,- -,- -,0.40%,- -
05/19/2011 10:00,US,520),,Philadelphia Fed.,MAY,- -,- -,18.5,- -
05/23/2011 08:30,US,521),,Chicago Fed Nat Activity Index,APR,- -,- -,- -,- -
05/24/2011 10:00,US,522),,New Home Sales MoM,APR,- -,- -,- -,- -
05/24/2011 10:00,US,523),,New Home Sales,APR,- -,- -,- -,- -
05/24/2011 10:00,US,524),,Richmond Fed Manufact. Index,MAY,- -,- -,- -,- -
05/25/2011 07:00,US,525),,MBA Mortgage Applications,20-May,- -,- -,- -,- -
05/25/2011 08:30,US,526),,Cap Goods Orders Nondef Ex Air,APR,- -,- -,- -,- -
05/25/2011 08:30,US,527),,Cap Goods Ship Nondef Ex Air,APR,- -,- -,- -,- -
05/25/2011 08:30,US,528),,Durable Goods Orders,APR,- -,- -,- -,- -
05/25/2011 08:30,US,529),,Durables Ex Transportation,APR,- -,- -,- -,- -
05/25/2011 10:00,US,530),,House Price Purchase Index QoQ,1Q,- -,- -,-0.80%,- -
05/25/2011 10:00,US,531),,House Price Index MoM,MAR,- -,- -,-1.60%,- -
05/26/2011 08:30,US,532),,GDP QoQ (Annualized),1Q S,- -,- -,- -,- -
05/26/2011 08:30,US,533),,GDP Price Index,1Q S,- -,- -,- -,- -
05/26/2011 08:30,US,534),,Core PCE QoQ,1Q S,- -,- -,- -,- -
05/26/2011 08:30,US,535),,Personal Consumption,1Q S,- -,- -,4.00%,- -
05/26/2011 08:30,US,536),,Initial Jobless Claims,21-May,- -,- -,- -,- -
05/26/2011 08:30,US,537),,Continuing Claims,14-May,- -,- -,- -,- -
05/26/2011 09:45,US,538),,Bloomberg Consumer Comfort,22-May,- -,- -,- -,- -
05/26/2011 16:00,US,539),,RPX Composite 28dy YoY,MAR,- -,- -,-4.27%,- -
05/26/2011 16:00,US,540),,RPX Composite 28dy Index,31-Mar,- -,- -,178.63,- -
05/27/2011 08:30,US,541),,PCE Core (MoM),APR,- -,- -,- -,- -
05/27/2011 08:30,US,542),,Personal Spending,APR,- -,- -,- -,- -
05/27/2011 08:30,US,543),,PCE Core (YoY),APR,- -,- -,- -,- -
05/27/2011 08:30,US,544),,PCE Deflator (YoY),APR,- -,- -,- -,- -
05/27/2011 08:30,US,545),,Personal Income,APR,- -,- -,- -,- -
05/27/2011 09:55,US,546),,U. of Michigan Confidence,MAY F,- -,- -,- -,- -
05/27/2011 10:00,US,547),,Pending Home Sales MoM,APR,- -,- -,- -,- -
05/27/2011 10:00,US,548),,Pending Home Sales YoY,APR,- -,- -,- -,- -
05/31/2011 09:00,US,549),,S&P/CaseShiller Home Price Ind,MAR,- -,- -,- -,- -
05/31/2011 09:00,US,550),,S&P/CS 20 City MoM% SA,MAR,- -,- -,- -,- -
05/31/2011 09:00,US,551),,S&P/CS Composite-20 YoY,MAR,- -,- -,- -,- -
05/31/2011 09:00,US,552),,S&P/Case-Shiller US HPI,1Q,- -,- -,130.38,- -
05/31/2011 09:00,US,553),,S&P/Case-Shiller US HPI YOY%,1Q,- -,- -,-4.13%,- -
05/31/2011 09:45,US,554),,Chicago Purchasing Manager,MAY,- -,- -,- -,- -
05/31/2011 10:00,US,555),,Consumer Confidence,MAY,- -,- -,- -,- -
05/31/2011 10:00,US,556),,NAPM-Milwaukee,MAY,- -,- -,- -,- -
05/31/2011 10:30,US,557),,Dallas Fed Manf. Activity,MAY,- -,- -,- -,- -
06/01/2011 07:00,US,558),,MBA Mortgage Applications,27-May,- -,- -,- -,- -
06/01/2011 07:30,US,559),,Challenger Job Cuts YoY,MAY,- -,- -,- -,- -
06/01/2011 08:15,US,560),,ADP Employment Change,MAY,- -,- -,- -,- -
06/01/2011 10:00,US,561),,Construction Spending MoM,APR,- -,- -,-1.40%,- -
06/01/2011 10:00,US,562),,ISM Manufacturing,MAY,- -,- -,- -,- -
06/01/2011 10:00,US,563),,ISM Prices Paid,MAY,- -,- -,- -,- -
06/01/2011 17:00,US,564),,Domestic Vehicle Sales,MAY,- -,- -,- -,- -
06/01/2011 17:00,US,565),,Total Vehicle Sales,MAY,- -,- -,- -,- -
06/02/2011 08:30,US,566),,Unit Labor Costs,1Q F,- -,- -,- -,- -
06/02/2011 08:30,US,567),,Initial Jobless Claims,28-May,- -,- -,- -,- -
06/02/2011 08:30,US,568),,Continuing Claims,21-May,- -,- -,- -,- -
06/02/2011 08:30,US,569),,Nonfarm Productivity,1Q F,- -,- -,- -,- -
06/02/2011 09:45,US,570),,Bloomberg Consumer Comfort,29-May,- -,- -,- -,- -
06/02/2011 10:00,US,571),,Factory Orders,APR,- -,- -,- -,- -
06/02/2011,US,572),,ICSC Chain Store Sales YoY,MAY,- -,- -,- -,- -
06/03/2011 08:30,US,573),,Avg Hourly Earning MOM All Emp,MAY,- -,- -,- -,- -
06/03/2011 08:30,US,574),,Avg Hourly Earning YOY All Emp,MAY,- -,- -,- -,- -
06/03/2011 08:30,US,575),,Avg Weekly Hours All Employees,MAY,- -,- -,- -,- -
06/03/2011 08:30,US,576),,Change in Private Payrolls,MAY,- -,- -,- -,- -
06/03/2011 08:30,US,577),,Change in Nonfarm Payrolls,MAY,- -,- -,- -,- -
06/03/2011 08:30,US,578),,Change in Household Survey Employment,MAY,- -,- -,- -,- -
06/03/2011 08:30,US,579),,Change in Manufact. Payrolls,MAY,- -,- -,- -,- -
06/03/2011 08:30,US,580),,Unemployment Rate,MAY,- -,- -,8.80%,- -
06/03/2011 10:00,US,581),,ISM Non-Manf. Composite,MAY,- -,- -,- -,- -
06/07/2011 10:00,US,582),,IBD/TIPP Economic Optimism,JUN,- -,- -,- -,- -
06/07/2011 10:00,US,583),,JOLTs Job Openings,APR,- -,- -,- -,- -
06/07/2011 15:00,US,584),,Consumer Credit,APR,- -,- -,- -,- -
06/08/2011 00:00,US,585),,Fed's Beige Book,,,,,
06/08/2011 07:00,US,586),,MBA Mortgage Applications,3-Jun,- -,- -,- -,- -
06/09/2011 08:30,US,587),,Annual Revisions: Trade,,,,,
06/09/2011 08:30,US,588),,Initial Jobless Claims,4-Jun,- -,- -,- -,- -
06/09/2011 08:30,US,589),,Continuing Claims,28-May,- -,- -,- -,- -
06/09/2011 08:30,US,590),,Trade Balance,APR,- -,- -,- -,- -
06/09/2011 09:45,US,591),,Bloomberg Consumer Comfort,5-Jun,- -,- -,- -,- -
06/09/2011 10:00,US,592),,Wholesale Inventories,APR,- -,- -,- -,- -
06/10/2011 08:30,US,593),,Import Price Index (MoM),MAY,- -,- -,- -,- -
06/10/2011 08:30,US,594),,Import Price Index (YoY),MAY,- -,- -,- -,- -
06/10/2011 14:00,US,595),,Monthly Budget Statement,MAY,- -,- -,- -,- -
06/14/2011 07:30,US,596),,NFIB Small Business Optimism,MAY,- -,- -,- -,- -
06/14/2011 08:30,US,597),,Producer Price Index (MoM),MAY,- -,- -,- -,- -
06/14/2011 08:30,US,598),,PPI Ex Food & Energy (YoY),MAY,- -,- -,- -,- -
06/14/2011 08:30,US,599),,Producer Price Index (YoY),MAY,- -,- -,- -,- -
06/14/2011 08:30,US,600),,PPI Ex Food & Energy (MoM),MAY,- -,- -,- -,- -
06/14/2011 08:30,US,601),,Advance Retail Sales,MAY,- -,- -,- -,- -
06/14/2011 08:30,US,602),,Retail Sales Ex Auto & Gas,MAY,- -,- -,- -,- -
06/14/2011 08:30,US,603),,Retail Sales Less Autos,MAY,- -,- -,- -,- -
06/14/2011 10:00,US,604),,Annual Revisions: Business Inventories,,,,,
06/14/2011 10:00,US,605),,Annual Revisions: Business Inventories (durables portion),,,,,
06/14/2011 10:00,US,606),,Business Inventories,APR,- -,- -,0.50%,- -
06/15/2011 07:00,US,607),,MBA Mortgage Applications,10-Jun,- -,- -,- -,- -
06/15/2011 08:30,US,608),,Consumer Price Index (MoM),MAY,- -,- -,- -,- -
06/15/2011 08:30,US,609),,CPI Ex Food & Energy (YoY),MAY,- -,- -,- -,- -
06/15/2011 08:30,US,610),,Consumer Price Index (YoY),MAY,- -,- -,- -,- -
06/15/2011 08:30,US,611),,CPI Core Index SA,MAY,- -,- -,- -,- -
06/15/2011 08:30,US,612),,CPI Ex Food & Energy (MoM),MAY,- -,- -,- -,- -
06/15/2011 08:30,US,613),,Consumer Price Index NSA,MAY,- -,- -,- -,- -
06/15/2011 08:30,US,614),,Empire Manufacturing,JUN,- -,- -,- -,- -
06/15/2011 09:00,US,615),,Total Net TIC Flows,APR,- -,- -,- -,- -
06/15/2011 09:00,US,616),,Net Long-term TIC Flows,APR,- -,- -,- -,- -
06/15/2011 09:15,US,617),,Capacity Utilization,MAY,- -,- -,- -,- -
06/15/2011 09:15,US,618),,Industrial Production,MAY,- -,- -,- -,- -
06/15/2011 10:00,US,619),,NAHB Housing Market Index,JUN,- -,- -,- -,- -
06/16/2011 08:30,US,620),,Initial Jobless Claims,11-Jun,- -,- -,- -,- -
06/16/2011 08:30,US,621),,Continuing Claims,4-Jun,- -,- -,- -,- -
06/16/2011 08:30,US,622),,Building Permits MOM%,MAY,- -,- -,- -,- -
06/16/2011 08:30,US,623),,Housing Starts MOM%,MAY,- -,- -,- -,- -
06/16/2011 08:30,US,624),,Building Permits,MAY,- -,- -,- -,- -
06/16/2011 08:30,US,625),,Housing Starts,MAY,- -,- -,- -,- -
06/16/2011 08:30,US,626),,Current Account Balance,1Q,- -,- -,-$113.3B,- -
06/16/2011 09:45,US,627),,Bloomberg Economic Expectations,JUN,- -,- -,- -,- -
06/16/2011 09:45,US,628),,Bloomberg Consumer Comfort,12-Jun,- -,- -,- -,- -
06/16/2011 10:00,US,629),,Philadelphia Fed.,JUN,- -,- -,- -,- -
06/17/2011 09:55,US,630),,U. of Michigan Confidence,JUN P,- -,- -,- -,- -
06/17/2011 10:00,US,631),,Leading Indicators,MAY,- -,- -,- -,- -
06/21/2011 10:00,US,632),,Existing Home Sales MoM,MAY,- -,- -,- -,- -
06/21/2011 10:00,US,633),,Existing Home Sales,MAY,- -,- -,- -,- -
06/22/2011 07:00,US,634),,MBA Mortgage Applications,17-Jun,- -,- -,- -,- -
06/22/2011 10:00,US,635),,House Price Index MoM,APR,- -,- -,- -,- -
06/22/2011 12:30,US,636),,FOMC Rate Decision,22-Jun,- -,- -,- -,- -
06/23/2011 08:30,US,637),,Chicago Fed Nat Activity Index,MAY,- -,- -,- -,- -
06/23/2011 08:30,US,638),,Initial Jobless Claims,18-Jun,- -,- -,- -,- -
06/23/2011 08:30,US,639),,Continuing Claims,11-Jun,- -,- -,- -,- -
06/23/2011 09:45,US,640),,Bloomberg Consumer Comfort,19-Jun,- -,- -,- -,- -
06/23/2011 10:00,US,641),,New Home Sales MoM,MAY,- -,- -,- -,- -
06/23/2011 10:00,US,642),,New Home Sales,MAY,- -,- -,- -,- -
06/23/2011 16:00,US,643),,RPX Composite 28dy YoY,APR,- -,- -,- -,- -
06/23/2011 16:00,US,644),,RPX Composite 28dy Index,30-Apr,- -,- -,- -,- -
06/24/2011 08:30,US,645),,Cap Goods Orders Nondef Ex Air,MAY,- -,- -,- -,- -
06/24/2011 08:30,US,646),,Cap Goods Ship Nondef Ex Air,MAY,- -,- -,- -,- -
06/24/2011 08:30,US,647),,Durable Goods Orders,MAY,- -,- -,- -,- -
06/24/2011 08:30,US,648),,Durables Ex Transportation,MAY,- -,- -,- -,- -
06/24/2011 08:30,US,649),,GDP QoQ (Annualized),1Q T,- -,- -,- -,- -
06/24/2011 08:30,US,650),,GDP Price Index,1Q T,- -,- -,- -,- -
06/24/2011 08:30,US,651),,Core PCE QoQ,1Q T,- -,- -,- -,- -
06/24/2011 08:30,US,652),,Personal Consumption,1Q T,- -,- -,- -,- -
06/27/2011 08:30,US,653),,PCE Core (MoM),MAY,- -,- -,- -,- -
06/27/2011 08:30,US,654),,Personal Spending,MAY,- -,- -,- -,- -
06/27/2011 08:30,US,655),,PCE Core (YoY),MAY,- -,- -,- -,- -
06/27/2011 08:30,US,656),,PCE Deflator (YoY),MAY,- -,- -,- -,- -
06/27/2011 08:30,US,657),,Personal Income,MAY,- -,- -,- -,- -
06/27/2011 10:30,US,658),,Dallas Fed Manf. Activity,JUN,- -,- -,- -,- -
06/28/2011 09:00,US,659),,S&P/CaseShiller Home Price Ind,APR,- -,- -,- -,- -
06/28/2011 09:00,US,660),,S&P/CS 20 City MoM% SA,APR,- -,- -,- -,- -
06/28/2011 09:00,US,661),,S&P/CS Composite-20 YoY,APR,- -,- -,- -,- -
06/28/2011 10:00,US,662),,Consumer Confidence,JUN,- -,- -,- -,- -
06/28/2011 10:00,US,663),,Richmond Fed Manufact. Index,JUN,- -,- -,- -,- -
06/29/2011 07:00,US,664),,MBA Mortgage Applications,24-Jun,- -,- -,- -,- -
06/29/2011 10:00,US,665),,Pending Home Sales MoM,MAY,- -,- -,- -,- -
06/29/2011 10:00,US,666),,Pending Home Sales YoY,MAY,- -,- -,- -,- -
06/30/2011 08:30,US,667),,Initial Jobless Claims,25-Jun,- -,- -,- -,- -
06/30/2011 08:30,US,668),,Continuing Claims,18-Jun,- -,- -,- -,- -
06/30/2011 09:45,US,669),,Chicago Purchasing Manager,JUN,- -,- -,- -,- -
06/30/2011 09:45,US,670),,Bloomberg Consumer Comfort,26-Jun,- -,- -,- -,- -
06/30/2011 10:00,US,671),,NAPM-Milwaukee,JUN,- -,- -,- -,- -
07/01/2011 09:55,US,672),,U. of Michigan Confidence,JUN F,- -,- -,- -,- -
07/01/2011 10:00,US,673),,Construction Spending MoM,MAY,- -,- -,- -,- -
07/01/2011 10:00,US,674),,ISM Manufacturing,JUN,- -,- -,- -,- -
07/01/2011 10:00,US,675),,ISM Prices Paid,JUN,- -,- -,- -,- -
07/01/2011 17:00,US,676),,Domestic Vehicle Sales,JUN,- -,- -,- -,- -
07/01/2011 17:00,US,677),,Total Vehicle Sales,JUN,- -,- -,- -,- -
07/05/2011 10:00,US,678),,Factory Orders,MAY,- -,- -,- -,- -
07/06/2011 07:00,US,679),,MBA Mortgage Applications,1-Jul,- -,- -,- -,- -
07/06/2011 07:30,US,680),,Challenger Job Cuts YoY,JUN,- -,- -,- -,- -
07/06/2011 10:00,US,681),,ISM Non-Manf. Composite,JUN,- -,- -,- -,- -
07/07/2011 08:15,US,682),,ADP Employment Change,JUN,- -,- -,- -,- -
07/07/2011 08:30,US,683),,Initial Jobless Claims,2-Jul,- -,- -,- -,- -
07/07/2011 08:30,US,684),,Continuing Claims,25-Jun,- -,- -,- -,- -
07/07/2011 09:45,US,685),,Bloomberg Consumer Comfort,3-Jul,- -,- -,- -,- -
07/07/2011,US,686),,ICSC Chain Store Sales YoY,JUN,- -,- -,- -,- -
07/08/2011 08:30,US,687),,Avg Hourly Earning MOM All Emp,JUN,- -,- -,- -,- -
07/08/2011 08:30,US,688),,Avg Hourly Earning YOY All Emp,JUN,- -,- -,- -,- -
07/08/2011 08:30,US,689),,Avg Weekly Hours All Employees,JUN,- -,- -,- -,- -
07/08/2011 08:30,US,690),,Change in Private Payrolls,JUN,- -,- -,- -,- -
07/08/2011 08:30,US,691),,Change in Nonfarm Payrolls,JUN,- -,- -,- -,- -
07/08/2011 08:30,US,692),,Change in Household Survey Employment,JUN,- -,- -,- -,- -
07/08/2011 08:30,US,693),,Change in Manufact. Payrolls,JUN,- -,- -,- -,- -
07/08/2011 08:30,US,694),,Unemployment Rate,JUN,- -,- -,- -,- -
07/08/2011 10:00,US,695),,Wholesale Inventories,MAY,- -,- -,- -,- -
07/08/2011 15:00,US,696),,Consumer Credit,MAY,- -,- -,- -,- -
07/12/2011 07:30,US,697),,NFIB Small Business Optimism,JUN,- -,- -,- -,- -
07/12/2011 08:30,US,698),,Trade Balance,MAY,- -,- -,- -,- -
07/12/2011 10:00,US,699),,IBD/TIPP Economic Optimism,JUL,- -,- -,- -,- -
07/12/2011 10:00,US,700),,JOLTs Job Openings,MAY,- -,- -,- -,- -
07/13/2011 07:00,US,701),,MBA Mortgage Applications,8-Jul,- -,- -,- -,- -
07/13/2011 08:30,US,702),,Import Price Index (MoM),JUN,- -,- -,- -,- -
07/13/2011 08:30,US,703),,Import Price Index (YoY),JUN,- -,- -,- -,- -
07/13/2011 14:00,US,704),,Minutes of FOMC Meeting,,,,,
07/13/2011 14:00,US,705),,Monthly Budget Statement,JUN,- -,- -,- -,- -
07/14/2011 08:30,US,706),,Initial Jobless Claims,9-Jul,- -,- -,- -,- -
07/14/2011 08:30,US,707),,Continuing Claims,2-Jul,- -,- -,- -,- -
07/14/2011 08:30,US,708),,Producer Price Index (MoM),JUN,- -,- -,- -,- -
07/14/2011 08:30,US,709),,PPI Ex Food & Energy (YoY),JUN,- -,- -,- -,- -
07/14/2011 08:30,US,710),,Producer Price Index (YoY),JUN,- -,- -,- -,- -
07/14/2011 08:30,US,711),,PPI Ex Food & Energy (MoM),JUN,- -,- -,- -,- -
07/14/2011 08:30,US,712),,Advance Retail Sales,JUN,- -,- -,- -,- -
07/14/2011 08:30,US,713),,Retail Sales Ex Auto & Gas,JUN,- -,- -,- -,- -
07/14/2011 08:30,US,714),,Retail Sales Less Autos,JUN,- -,- -,- -,- -
07/14/2011 09:45,US,715),,Bloomberg Consumer Comfort,10-Jul,- -,- -,- -,- -
07/14/2011 10:00,US,716),,Business Inventories,MAY,- -,- -,- -,- -
07/15/2011 08:30,US,717),,Consumer Price Index (MoM),JUN,- -,- -,- -,- -
07/15/2011 08:30,US,718),,CPI Ex Food & Energy (YoY),JUN,- -,- -,- -,- -
07/15/2011 08:30,US,719),,Consumer Price Index (YoY),JUN,- -,- -,- -,- -
07/15/2011 08:30,US,720),,CPI Core Index SA,JUN,- -,- -,- -,- -
07/15/2011 08:30,US,721),,CPI Ex Food & Energy (MoM),JUN,- -,- -,- -,- -
07/15/2011 08:30,US,722),,Consumer Price Index NSA,JUN,- -,- -,- -,- -
07/15/2011 08:30,US,723),,Empire Manufacturing,JUL,- -,- -,- -,- -
07/15/2011 09:15,US,724),,Capacity Utilization,JUN,- -,- -,- -,- -
07/15/2011 09:15,US,725),,Industrial Production,JUN,- -,- -,- -,- -
07/15/2011 09:55,US,726),,U. of Michigan Confidence,JUL P,- -,- -,- -,- -
07/18/2011 09:00,US,727),,Total Net TIC Flows,MAY,- -,- -,- -,- -
07/18/2011 09:00,US,728),,Net Long-term TIC Flows,MAY,- -,- -,- -,- -
07/18/2011 10:00,US,729),,NAHB Housing Market Index,JUL,- -,- -,- -,- -
07/19/2011 08:30,US,730),,Building Permits MOM%,JUN,- -,- -,- -,- -
07/19/2011 08:30,US,731),,Housing Starts MOM%,JUN,- -,- -,- -,- -
07/19/2011 08:30,US,732),,Building Permits,JUN,- -,- -,- -,- -
07/19/2011 08:30,US,733),,Housing Starts,JUN,- -,- -,- -,- -
07/20/2011 07:00,US,734),,MBA Mortgage Applications,15-Jul,- -,- -,- -,- -
07/20/2011 10:00,US,735),,Existing Home Sales MoM,JUN,- -,- -,- -,- -
07/20/2011 10:00,US,736),,Existing Home Sales,JUN,- -,- -,- -,- -
07/21/2011 08:30,US,737),,Initial Jobless Claims,16-Jul,- -,- -,- -,- -
07/21/2011 08:30,US,738),,Continuing Claims,9-Jul,- -,- -,- -,- -
07/21/2011 09:45,US,739),,Bloomberg Economic Expectations,JUL,- -,- -,- -,- -
07/21/2011 09:45,US,740),,Bloomberg Consumer Comfort,17-Jul,- -,- -,- -,- -
07/21/2011 10:00,US,741),,House Price Index MoM,MAY,- -,- -,- -,- -
07/21/2011 10:00,US,742),,Leading Indicators,JUN,- -,- -,- -,- -
07/21/2011 10:00,US,743),,Philadelphia Fed.,JUL,- -,- -,- -,- -
07/21/2011 16:00,US,744),,RPX Composite 28dy YoY,MAY,- -,- -,- -,- -
07/21/2011 16:00,US,745),,RPX Composite 28dy Index,31-May,- -,- -,- -,- -
07/25/2011 08:30,US,746),,Chicago Fed Nat Activity Index,JUN,- -,- -,- -,- -
07/25/2011 10:30,US,747),,Dallas Fed Manf. Activity,JUL,- -,- -,- -,- -
07/26/2011 09:00,US,748),,S&P/CaseShiller Home Price Ind,MAY,- -,- -,- -,- -
07/26/2011 09:00,US,749),,S&P/CS 20 City MoM% SA,MAY,- -,- -,- -,- -
07/26/2011 09:00,US,750),,S&P/CS Composite-20 YoY,MAY,- -,- -,- -,- -
07/26/2011 10:00,US,751),,Consumer Confidence,JUL,- -,- -,- -,- -
07/26/2011 10:00,US,752),,New Home Sales MoM,JUN,- -,- -,- -,- -
07/26/2011 10:00,US,753),,New Home Sales,JUN,- -,- -,- -,- -
07/26/2011 10:00,US,754),,Richmond Fed Manufact. Index,JUL,- -,- -,- -,- -
07/27/2011 00:00,US,755),,Fed's Beige Book,,,,,
07/27/2011 07:00,US,756),,MBA Mortgage Applications,22-Jul,- -,- -,- -,- -
07/27/2011 08:30,US,757),,Cap Goods Orders Nondef Ex Air,JUN,- -,- -,- -,- -
07/27/2011 08:30,US,758),,Cap Goods Ship Nondef Ex Air,JUN,- -,- -,- -,- -
07/27/2011 08:30,US,759),,Durable Goods Orders,JUN,- -,- -,- -,- -
07/27/2011 08:30,US,760),,Durables Ex Transportation,JUN,- -,- -,- -,- -
07/28/2011 08:30,US,761),,Initial Jobless Claims,23-Jul,- -,- -,- -,- -
07/28/2011 08:30,US,762),,Continuing Claims,16-Jul,- -,- -,- -,- -
07/28/2011 09:45,US,763),,Bloomberg Consumer Comfort,24-Jul,- -,- -,- -,- -
07/28/2011 10:00,US,764),,Pending Home Sales MoM,JUN,- -,- -,- -,- -
07/28/2011 10:00,US,765),,Pending Home Sales YoY,JUN,- -,- -,- -,- -
07/29/2011 08:30,US,766),,Annual Revisions: GDP,,,,,
07/29/2011 08:30,US,767),,Annual Revisions: GDP,,,,,
07/29/2011 08:30,US,768),,Annual Revisions: GDP,,,,,
07/29/2011 08:30,US,769),,Annual Revisions: GDP,,,,,
07/29/2011 08:30,US,770),,Annual Revisions: GDP,,,,,
07/29/2011 08:30,US,771),,Employment Cost Index,2Q,- -,- -,- -,- -
07/29/2011 08:30,US,772),,GDP QoQ (Annualized),2Q A,- -,- -,- -,- -
07/29/2011 08:30,US,773),,GDP Price Index,2Q A,- -,- -,- -,- -
07/29/2011 08:30,US,774),,Core PCE QoQ,2Q A,- -,- -,- -,- -
07/29/2011 08:30,US,775),,Personal Consumption,2Q A,- -,- -,- -,- -
07/29/2011 08:30,US,776),,Annual Revisions: GDP,,,,,
07/29/2011 08:30,US,777),,Annual Revisions: Gross Domestic Product,,,,,
07/29/2011 09:45,US,778),,Chicago Purchasing Manager,JUL,- -,- -,- -,- -
07/29/2011 09:55,US,779),,U. of Michigan Confidence,JUL F,- -,- -,- -,- -
07/29/2011 10:00,US,780),,NAPM-Milwaukee,JUL,- -,- -,- -,- -
08/01/2011 10:00,US,781),,Construction Spending MoM,JUN,- -,- -,- -,- -
08/01/2011 10:00,US,782),,ISM Manufacturing,JUL,- -,- -,- -,- -
08/01/2011 10:00,US,783),,ISM Prices Paid,JUL,- -,- -,- -,- -
08/02/2011 08:30,US,784),,Annual Revisions: Personal Income and Spending,,,,,
08/02/2011 08:30,US,785),,PCE Core (MoM),JUN,- -,- -,- -,- -
08/02/2011 08:30,US,786),,Personal Spending,JUN,- -,- -,- -,- -
08/02/2011 08:30,US,787),,PCE Core (YoY),JUN,- -,- -,- -,- -
08/02/2011 08:30,US,788),,PCE Deflator (YoY),JUN,- -,- -,- -,- -
08/02/2011 08:30,US,789),,Personal Income,JUN,- -,- -,- -,- -
08/02/2011 17:00,US,790),,Domestic Vehicle Sales,JUL,- -,- -,- -,- -
08/02/2011 17:00,US,791),,Total Vehicle Sales,JUL,- -,- -,- -,- -
08/03/2011 07:00,US,792),,MBA Mortgage Applications,29-Jul,- -,- -,- -,- -
08/03/2011 07:30,US,793),,Challenger Job Cuts YoY,JUL,- -,- -,- -,- -
08/03/2011 08:15,US,794),,ADP Employment Change,JUL,- -,- -,- -,- -
08/03/2011 10:00,US,795),,ISM Non-Manf. Composite,JUL,- -,- -,- -,- -
08/03/2011 10:00,US,796),,Factory Orders,JUN,- -,- -,- -,- -
08/04/2011 08:30,US,797),,Initial Jobless Claims,30-Jul,- -,- -,- -,- -
08/04/2011 08:30,US,798),,Continuing Claims,23-Jul,- -,- -,- -,- -
08/04/2011 09:45,US,799),,Bloomberg Consumer Comfort,31-Jul,- -,- -,- -,- -
08/04/2011,US,800),,ICSC Chain Store Sales YoY,JUL,- -,- -,- -,- -
08/05/2011 08:30,US,801),,Avg Hourly Earning MOM All Emp,JUL,- -,- -,- -,- -
08/05/2011 08:30,US,802),,Avg Hourly Earning YOY All Emp,JUL,- -,- -,- -,- -
08/05/2011 08:30,US,803),,Avg Weekly Hours All Employees,JUL,- -,- -,- -,- -
08/05/2011 08:30,US,804),,Change in Private Payrolls,JUL,- -,- -,- -,- -
08/05/2011 08:30,US,805),,Change in Nonfarm Payrolls,JUL,- -,- -,- -,- -
08/05/2011 08:30,US,806),,Change in Household Survey Employment,JUL,- -,- -,- -,- -
08/05/2011 08:30,US,807),,Change in Manufact. Payrolls,JUL,- -,- -,- -,- -
08/05/2011 08:30,US,808),,Unemployment Rate,JUL,- -,- -,- -,- -
08/05/2011 15:00,US,809),,Consumer Credit,JUN,- -,- -,- -,- -
08/09/2011 07:30,US,810),,NFIB Small Business Optimism,JUL,- -,- -,- -,- -
08/09/2011 08:30,US,811),,Unit Labor Costs,2Q P,- -,- -,- -,- -
08/09/2011 08:30,US,812),,Nonfarm Productivity,2Q P,- -,- -,- -,- -
08/09/2011 10:00,US,813),,IBD/TIPP Economic Optimism,AUG,- -,- -,- -,- -
08/09/2011 14:15,US,814),,FOMC Rate Decision,9-Aug,- -,- -,- -,- -
08/10/2011 07:00,US,815),,MBA Mortgage Applications,5-Aug,- -,- -,- -,- -
08/10/2011 10:00,US,816),,JOLTs Job Openings,JUN,- -,- -,- -,- -
08/10/2011 10:00,US,817),,Wholesale Inventories,JUN,- -,- -,- -,- -
08/10/2011 14:00,US,818),,Monthly Budget Statement,JUL,- -,- -,- -,- -
08/11/2011 08:30,US,819),,Initial Jobless Claims,6-Aug,- -,- -,- -,- -
08/11/2011 08:30,US,820),,Continuing Claims,30-Jul,- -,- -,- -,- -
08/11/2011 08:30,US,821),,Trade Balance,JUN,- -,- -,- -,- -
08/11/2011 09:45,US,822),,Bloomberg Consumer Comfort,7-Aug,- -,- -,- -,- -
08/12/2011 08:30,US,823),,Advance Retail Sales,JUL,- -,- -,- -,- -
08/12/2011 08:30,US,824),,Retail Sales Ex Auto & Gas,JUL,- -,- -,- -,- -
08/12/2011 08:30,US,825),,Retail Sales Less Autos,JUL,- -,- -,- -,- -
08/12/2011 09:55,US,826),,U. of Michigan Confidence,AUG P,- -,- -,- -,- -
08/12/2011 10:00,US,827),,Business Inventories,JUN,- -,- -,- -,- -
08/15/2011 08:30,US,828),,Empire Manufacturing,AUG,- -,- -,- -,- -
08/15/2011 09:00,US,829),,Total Net TIC Flows,JUN,- -,- -,- -,- -
08/15/2011 09:00,US,830),,Net Long-term TIC Flows,JUN,- -,- -,- -,- -
08/15/2011 10:00,US,831),,NAHB Housing Market Index,AUG,- -,- -,- -,- -
08/16/2011 08:30,US,832),,Import Price Index (MoM),JUL,- -,- -,- -,- -
08/16/2011 08:30,US,833),,Import Price Index (YoY),JUL,- -,- -,- -,- -
08/16/2011 08:30,US,834),,Building Permits MOM%,JUL,- -,- -,- -,- -
08/16/2011 08:30,US,835),,Housing Starts MOM%,JUL,- -,- -,- -,- -
08/16/2011 08:30,US,836),,Building Permits,JUL,- -,- -,- -,- -
08/16/2011 08:30,US,837),,Housing Starts,JUL,- -,- -,- -,- -
08/16/2011 09:15,US,838),,Capacity Utilization,JUL,- -,- -,- -,- -
08/16/2011 09:15,US,839),,Industrial Production,JUL,- -,- -,- -,- -
08/17/2011 07:00,US,840),,MBA Mortgage Applications,12-Aug,- -,- -,- -,- -
08/17/2011 08:30,US,841),,Producer Price Index (MoM),JUL,- -,- -,- -,- -
08/17/2011 08:30,US,842),,PPI Ex Food & Energy (YoY),JUL,- -,- -,- -,- -
08/17/2011 08:30,US,843),,Producer Price Index (YoY),JUL,- -,- -,- -,- -
08/17/2011 08:30,US,844),,PPI Ex Food & Energy (MoM),JUL,- -,- -,- -,- -
08/18/2011 08:30,US,845),,Consumer Price Index (MoM),JUL,- -,- -,- -,- -
08/18/2011 08:30,US,846),,CPI Ex Food & Energy (YoY),JUL,- -,- -,- -,- -
08/18/2011 08:30,US,847),,Consumer Price Index (YoY),JUL,- -,- -,- -,- -
08/18/2011 08:30,US,848),,CPI Core Index SA,JUL,- -,- -,- -,- -
08/18/2011 08:30,US,849),,CPI Ex Food & Energy (MoM),JUL,- -,- -,- -,- -
08/18/2011 08:30,US,850),,Consumer Price Index NSA,JUL,- -,- -,- -,- -
08/18/2011 08:30,US,851),,Initial Jobless Claims,13-Aug,- -,- -,- -,- -
08/18/2011 08:30,US,852),,Continuing Claims,6-Aug,- -,- -,- -,- -
08/18/2011 09:45,US,853),,Bloomberg Economic Expectations,AUG,- -,- -,- -,- -
08/18/2011 09:45,US,854),,Bloomberg Consumer Comfort,14-Aug,- -,- -,- -,- -
08/18/2011 10:00,US,855),,Existing Home Sales MoM,JUL,- -,- -,- -,- -
08/18/2011 10:00,US,856),,Existing Home Sales,JUL,- -,- -,- -,- -
08/18/2011 10:00,US,857),,Leading Indicators,JUL,- -,- -,- -,- -
08/18/2011 10:00,US,858),,Philadelphia Fed.,AUG,- -,- -,- -,- -
08/22/2011 08:30,US,859),,Chicago Fed Nat Activity Index,JUL,- -,- -,- -,- -
22-26 AUG,US,860),,Mortgage Delinquencies,2Q,- -,- -,- -,- -
22-26 AUG,US,861),,MBA Mortgage Foreclosures,2Q,- -,- -,- -,- -
08/23/2011 10:00,US,862),,New Home Sales MoM,JUL,- -,- -,- -,- -
08/23/2011 10:00,US,863),,New Home Sales,JUL,- -,- -,- -,- -
08/23/2011 10:00,US,864),,Richmond Fed Manufact. Index,AUG,- -,- -,- -,- -
08/24/2011 07:00,US,865),,MBA Mortgage Applications,19-Aug,- -,- -,- -,- -
08/24/2011 08:30,US,866),,Cap Goods Orders Nondef Ex Air,JUL,- -,- -,- -,- -
08/24/2011 08:30,US,867),,Cap Goods Ship Nondef Ex Air,JUL,- -,- -,- -,- -
08/24/2011 08:30,US,868),,Durable Goods Orders,JUL,- -,- -,- -,- -
08/24/2011 08:30,US,869),,Durables Ex Transportation,JUL,- -,- -,- -,- -
08/24/2011 10:00,US,870),,House Price Purchase Index QoQ,2Q,- -,- -,- -,- -
08/24/2011 10:00,US,871),,House Price Index MoM,JUN,- -,- -,- -,- -
08/25/2011 08:30,US,872),,Initial Jobless Claims,20-Aug,- -,- -,- -,- -
08/25/2011 08:30,US,873),,Continuing Claims,13-Aug,- -,- -,- -,- -
08/25/2011 09:45,US,874),,Bloomberg Consumer Comfort,21-Aug,- -,- -,- -,- -
08/25/2011 16:00,US,875),,RPX Composite 28dy YoY,JUN,- -,- -,- -,- -
08/25/2011 16:00,US,876),,RPX Composite 28dy Index,30-Jun,- -,- -,- -,- -
08/26/2011 08:30,US,877),,GDP QoQ (Annualized),2Q S,- -,- -,- -,- -
08/26/2011 08:30,US,878),,GDP Price Index,2Q S,- -,- -,- -,- -
08/26/2011 08:30,US,879),,Core PCE QoQ,2Q S,- -,- -,- -,- -
08/26/2011 08:30,US,880),,Personal Consumption,2Q S,- -,- -,- -,- -
08/26/2011 09:55,US,881),,U. of Michigan Confidence,AUG F,- -,- -,- -,- -
08/29/2011 08:30,US,882),,PCE Core (MoM),JUL,- -,- -,- -,- -
08/29/2011 08:30,US,883),,Personal Spending,JUL,- -,- -,- -,- -
08/29/2011 08:30,US,884),,PCE Core (YoY),JUL,- -,- -,- -,- -
08/29/2011 08:30,US,885),,PCE Deflator (YoY),JUL,- -,- -,- -,- -
08/29/2011 08:30,US,886),,Personal Income,JUL,- -,- -,- -,- -
08/29/2011 10:00,US,887),,Pending Home Sales MoM,JUL,- -,- -,- -,- -
08/29/2011 10:00,US,888),,Pending Home Sales YoY,JUL,- -,- -,- -,- -
08/29/2011 10:30,US,889),,Dallas Fed Manf. Activity,AUG,- -,- -,- -,- -
08/30/2011 09:00,US,890),,S&P/CaseShiller Home Price Ind,JUN,- -,- -,- -,- -
08/30/2011 09:00,US,891),,S&P/CS 20 City MoM% SA,JUN,- -,- -,- -,- -
08/30/2011 09:00,US,892),,S&P/CS Composite-20 YoY,JUN,- -,- -,- -,- -
08/30/2011 09:00,US,893),,S&P/Case-Shiller US HPI,2Q,- -,- -,- -,- -
08/30/2011 09:00,US,894),,S&P/Case-Shiller US HPI YOY%,2Q,- -,- -,- -,- -
08/30/2011 10:00,US,895),,Consumer Confidence,AUG,- -,- -,- -,- -
08/30/2011 14:00,US,896),,Minutes of FOMC Meeting,,,,,
08/31/2011 07:00,US,897),,MBA Mortgage Applications,26-Aug,- -,- -,- -,- -
08/31/2011 07:30,US,898),,Challenger Job Cuts YoY,AUG,- -,- -,- -,- -
08/31/2011 08:15,US,899),,ADP Employment Change,AUG,- -,- -,- -,- -
08/31/2011 09:45,US,900),,Chicago Purchasing Manager,AUG,- -,- -,- -,- -
08/31/2011 10:00,US,901),,NAPM-Milwaukee,AUG,- -,- -,- -,- -
08/31/2011 10:00,US,902),,Factory Orders,JUL,- -,- -,- -,- -
09/01/2011 08:30,US,903),,Unit Labor Costs,2Q F,- -,- -,- -,- -
09/01/2011 08:30,US,904),,Initial Jobless Claims,27-Aug,- -,- -,- -,- -
09/01/2011 08:30,US,905),,Continuing Claims,20-Aug,- -,- -,- -,- -
09/01/2011 08:30,US,906),,Nonfarm Productivity,2Q F,- -,- -,- -,- -
09/01/2011 09:45,US,907),,Bloomberg Consumer Comfort,28-Aug,- -,- -,- -,- -
09/01/2011 10:00,US,908),,Construction Spending MoM,JUL,- -,- -,- -,- -
09/01/2011 10:00,US,909),,ISM Manufacturing,AUG,- -,- -,- -,- -
09/01/2011 10:00,US,910),,ISM Prices Paid,AUG,- -,- -,- -,- -
09/01/2011 17:00,US,911),,Domestic Vehicle Sales,AUG,- -,- -,- -,- -
09/01/2011 17:00,US,912),,Total Vehicle Sales,AUG,- -,- -,- -,- -
09/01/2011,US,913),,ICSC Chain Store Sales YoY,AUG,- -,- -,- -,- -
09/02/2011 08:30,US,914),,Avg Hourly Earning MOM All Emp,AUG,- -,- -,- -,- -
09/02/2011 08:30,US,915),,Avg Hourly Earning YOY All Emp,AUG,- -,- -,- -,- -
09/02/2011 08:30,US,916),,Avg Weekly Hours All Employees,AUG,- -,- -,- -,- -
09/02/2011 08:30,US,917),,Change in Private Payrolls,AUG,- -,- -,- -,- -
09/02/2011 08:30,US,918),,Change in Nonfarm Payrolls,AUG,- -,- -,- -,- -
09/02/2011 08:30,US,919),,Change in Household Survey Employment,AUG,- -,- -,- -,- -
09/02/2011 08:30,US,920),,Change in Manufact. Payrolls,AUG,- -,- -,- -,- -
09/02/2011 08:30,US,921),,Unemployment Rate,AUG,- -,- -,- -,- -
09/06/2011 10:00,US,922),,ISM Non-Manf. Composite,AUG,- -,- -,- -,- -
09/07/2011 00:00,US,923),,Fed's Beige Book,,,,,
09/07/2011 07:00,US,924),,MBA Mortgage Applications,2-Sep,- -,- -,- -,- -
09/07/2011 10:00,US,925),,JOLTs Job Openings,JUL,- -,- -,- -,- -
09/08/2011 08:30,US,926),,Initial Jobless Claims,3-Sep,- -,- -,- -,- -
09/08/2011 08:30,US,927),,Continuing Claims,27-Aug,- -,- -,- -,- -
09/08/2011 08:30,US,928),,Trade Balance,JUL,- -,- -,- -,- -
09/08/2011 09:45,US,929),,Bloomberg Consumer Comfort,4-Sep,- -,- -,- -,- -
09/08/2011 15:00,US,930),,Consumer Credit,JUL,- -,- -,- -,- -
09/09/2011 10:00,US,931),,Wholesale Inventories,JUL,- -,- -,- -,- -
09/13/2011 07:30,US,932),,NFIB Small Business Optimism,AUG,- -,- -,- -,- -
09/13/2011 08:30,US,933),,Import Price Index (MoM),AUG,- -,- -,- -,- -
09/13/2011 08:30,US,934),,Import Price Index (YoY),AUG,- -,- -,- -,- -
09/13/2011 10:00,US,935),,IBD/TIPP Economic Optimism,SEP,- -,- -,- -,- -
09/13/2011 14:00,US,936),,Monthly Budget Statement,AUG,- -,- -,- -,- -
09/14/2011 07:00,US,937),,MBA Mortgage Applications,9-Sep,- -,- -,- -,- -
09/14/2011 08:30,US,938),,Producer Price Index (MoM),AUG,- -,- -,- -,- -
09/14/2011 08:30,US,939),,PPI Ex Food & Energy (YoY),AUG,- -,- -,- -,- -
09/14/2011 08:30,US,940),,Producer Price Index (YoY),AUG,- -,- -,- -,- -
09/14/2011 08:30,US,941),,PPI Ex Food & Energy (MoM),AUG,- -,- -,- -,- -
09/14/2011 08:30,US,942),,Advance Retail Sales,AUG,- -,- -,- -,- -
09/14/2011 08:30,US,943),,Retail Sales Ex Auto & Gas,AUG,- -,- -,- -,- -
09/14/2011 08:30,US,944),,Retail Sales Less Autos,AUG,- -,- -,- -,- -
09/14/2011 10:00,US,945),,Business Inventories,JUL,- -,- -,- -,- -
09/15/2011 08:30,US,946),,Consumer Price Index (MoM),AUG,- -,- -,- -,- -
09/15/2011 08:30,US,947),,CPI Ex Food & Energy (YoY),AUG,- -,- -,- -,- -
09/15/2011 08:30,US,948),,Consumer Price Index (YoY),AUG,- -,- -,- -,- -
09/15/2011 08:30,US,949),,CPI Core Index SA,AUG,- -,- -,- -,- -
09/15/2011 08:30,US,950),,CPI Ex Food & Energy (MoM),AUG,- -,- -,- -,- -
09/15/2011 08:30,US,951),,Consumer Price Index NSA,AUG,- -,- -,- -,- -
09/15/2011 08:30,US,952),,Empire Manufacturing,SEP,- -,- -,- -,- -
09/15/2011 08:30,US,953),,Initial Jobless Claims,10-Sep,- -,- -,- -,- -
09/15/2011 08:30,US,954),,Continuing Claims,3-Sep,- -,- -,- -,- -
09/15/2011 08:30,US,955),,Current Account Balance,2Q,- -,- -,- -,- -
09/15/2011 09:15,US,956),,Capacity Utilization,AUG,- -,- -,- -,- -
09/15/2011 09:15,US,957),,Industrial Production,AUG,- -,- -,- -,- -
09/15/2011 09:45,US,958),,Bloomberg Economic Expectations,SEP,- -,- -,- -,- -
09/15/2011 09:45,US,959),,Bloomberg Consumer Comfort,11-Sep,- -,- -,- -,- -
09/15/2011 10:00,US,960),,Philadelphia Fed.,SEP,- -,- -,- -,- -
09/16/2011 09:00,US,961),,Total Net TIC Flows,JUL,- -,- -,- -,- -
09/16/2011 09:00,US,962),,Net Long-term TIC Flows,JUL,- -,- -,- -,- -
09/16/2011 09:55,US,963),,U. of Michigan Confidence,SEP P,- -,- -,- -,- -
09/19/2011 10:00,US,964),,NAHB Housing Market Index,SEP,- -,- -,- -,- -
09/20/2011 08:30,US,965),,Building Permits MOM%,AUG,- -,- -,- -,- -
09/20/2011 08:30,US,966),,Housing Starts MOM%,AUG,- -,- -,- -,- -
09/20/2011 08:30,US,967),,Building Permits,AUG,- -,- -,- -,- -
09/20/2011 08:30,US,968),,Housing Starts,AUG,- -,- -,- -,- -
09/20/2011 14:15,US,969),,FOMC Rate Decision,20-Sep,- -,- -,- -,- -
09/21/2011 07:00,US,970),,MBA Mortgage Applications,16-Sep,- -,- -,- -,- -
09/21/2011 10:00,US,971),,Existing Home Sales MoM,AUG,- -,- -,- -,- -
09/21/2011 10:00,US,972),,Existing Home Sales,AUG,- -,- -,- -,- -
09/22/2011 08:30,US,973),,Initial Jobless Claims,17-Sep,- -,- -,- -,- -
09/22/2011 08:30,US,974),,Continuing Claims,10-Sep,- -,- -,- -,- -
09/22/2011 09:45,US,975),,Bloomberg Consumer Comfort,18-Sep,- -,- -,- -,- -
09/22/2011 10:00,US,976),,House Price Index MoM,JUL,- -,- -,- -,- -
09/22/2011 10:00,US,977),,Leading Indicators,AUG,- -,- -,- -,- -
09/22/2011 16:00,US,978),,RPX Composite 28dy YoY,JUL,- -,- -,- -,- -
09/22/2011 16:00,US,979),,RPX Composite 28dy Index,31-Jul,- -,- -,- -,- -
09/26/2011 08:30,US,980),,Chicago Fed Nat Activity Index,AUG,- -,- -,- -,- -
09/26/2011 10:00,US,981),,New Home Sales MoM,AUG,- -,- -,- -,- -
09/26/2011 10:00,US,982),,New Home Sales,AUG,- -,- -,- -,- -
09/26/2011 10:30,US,983),,Dallas Fed Manf. Activity,SEP,- -,- -,- -,- -
09/27/2011 09:00,US,984),,S&P/CaseShiller Home Price Ind,JUL,- -,- -,- -,- -
09/27/2011 09:00,US,985),,S&P/CS 20 City MoM% SA,JUL,- -,- -,- -,- -
09/27/2011 09:00,US,986),,S&P/CS Composite-20 YoY,JUL,- -,- -,- -,- -
09/27/2011 10:00,US,987),,Consumer Confidence,SEP,- -,- -,- -,- -
09/27/2011 10:00,US,988),,Richmond Fed Manufact. Index,SEP,- -,- -,- -,- -
09/28/2011 07:00,US,989),,MBA Mortgage Applications,23-Sep,- -,- -,- -,- -
09/28/2011 08:30,US,990),,Cap Goods Orders Nondef Ex Air,AUG,- -,- -,- -,- -
09/28/2011 08:30,US,991),,Cap Goods Ship Nondef Ex Air,AUG,- -,- -,- -,- -
09/28/2011 08:30,US,992),,Durable Goods Orders,AUG,- -,- -,- -,- -
09/28/2011 08:30,US,993),,Durables Ex Transportation,AUG,- -,- -,- -,- -
09/29/2011 08:30,US,994),,GDP QoQ (Annualized),2Q T,- -,- -,- -,- -
09/29/2011 08:30,US,995),,GDP Price Index,2Q T,- -,- -,- -,- -
09/29/2011 08:30,US,996),,Core PCE QoQ,2Q T,- -,- -,- -,- -
09/29/2011 08:30,US,997),,Personal Consumption,2Q T,- -,- -,- -,- -
09/29/2011 08:30,US,998),,Initial Jobless Claims,24-Sep,- -,- -,- -,- -
09/29/2011 08:30,US,999),,Continuing Claims,17-Sep,- -,- -,- -,- -
09/29/2011 09:45,US,1000),,Bloomberg Consumer Comfort,25-Sep,- -,- -,- -,- -
09/29/2011 10:00,US,1001),,Pending Home Sales MoM,AUG,- -,- -,- -,- -
09/29/2011 10:00,US,1002),,Pending Home Sales YoY,AUG,- -,- -,- -,- -
09/30/2011 08:30,US,1003),,PCE Core (MoM),AUG,- -,- -,- -,- -
09/30/2011 08:30,US,1004),,Personal Spending,AUG,- -,- -,- -,- -
09/30/2011 08:30,US,1005),,PCE Core (YoY),AUG,- -,- -,- -,- -
09/30/2011 08:30,US,1006),,PCE Deflator (YoY),AUG,- -,- -,- -,- -
09/30/2011 08:30,US,1007),,Personal Income,AUG,- -,- -,- -,- -
09/30/2011 09:45,US,1008),,Chicago Purchasing Manager,SEP,- -,- -,- -,- -
09/30/2011 09:55,US,1009),,U. of Michigan Confidence,SEP F,- -,- -,- -,- -
09/30/2011 10:00,US,1010),,NAPM-Milwaukee,SEP,- -,- -,- -,- -
10/03/2011 10:00,US,1011),,Construction Spending MoM,AUG,- -,- -,- -,- -
10/03/2011 10:00,US,1012),,ISM Manufacturing,SEP,- -,- -,- -,- -
10/03/2011 10:00,US,1013),,ISM Prices Paid,SEP,- -,- -,- -,- -
10/03/2011 17:00,US,1014),,Domestic Vehicle Sales,SEP,- -,- -,- -,- -
10/03/2011 17:00,US,1015),,Total Vehicle Sales,SEP,- -,- -,- -,- -
10/04/2011 10:00,US,1016),,Factory Orders,AUG,- -,- -,- -,- -
10/05/2011 07:00,US,1017),,MBA Mortgage Applications,30-Sep,- -,- -,- -,- -
10/05/2011 07:30,US,1018),,Challenger Job Cuts YoY,SEP,- -,- -,- -,- -
10/05/2011 08:15,US,1019),,ADP Employment Change,SEP,- -,- -,- -,- -
10/05/2011 10:00,US,1020),,ISM Non-Manf. Composite,SEP,- -,- -,- -,- -
10/06/2011 08:30,US,1021),,Initial Jobless Claims,1-Oct,- -,- -,- -,- -
10/06/2011 08:30,US,1022),,Continuing Claims,24-Sep,- -,- -,- -,- -
10/06/2011 09:45,US,1023),,Bloomberg Consumer Comfort,2-Oct,- -,- -,- -,- -
10/06/2011,US,1024),,ICSC Chain Store Sales YoY,SEP,- -,- -,- -,- -
10/07/2011 08:30,US,1025),,Avg Hourly Earning MOM All Emp,SEP,- -,- -,- -,- -
10/07/2011 08:30,US,1026),,Avg Hourly Earning YOY All Emp,SEP,- -,- -,- -,- -
10/07/2011 08:30,US,1027),,Avg Weekly Hours All Employees,SEP,- -,- -,- -,- -
10/07/2011 08:30,US,1028),,Change in Private Payrolls,SEP,- -,- -,- -,- -
10/07/2011 08:30,US,1029),,Change in Nonfarm Payrolls,SEP,- -,- -,- -,- -
10/07/2011 08:30,US,1030),,Change in Household Survey Employment,SEP,- -,- -,- -,- -
10/07/2011 08:30,US,1031),,Change in Manufact. Payrolls,SEP,- -,- -,- -,- -
10/07/2011 08:30,US,1032),,Unemployment Rate,SEP,- -,- -,- -,- -
10/07/2011 10:00,US,1033),,Wholesale Inventories,AUG,- -,- -,- -,- -
10/07/2011 15:00,US,1034),,Consumer Credit,AUG,- -,- -,- -,- -
10/11/2011 07:30,US,1035),,NFIB Small Business Optimism,SEP,- -,- -,- -,- -
10/11/2011 10:00,US,1036),,IBD/TIPP Economic Optimism,OCT,- -,- -,- -,- -
10/11/2011 14:00,US,1037),,Minutes of FOMC Meeting,,,,,
10/11/2011 14:00,US,1038),,Monthly Budget Statement,SEP,- -,- -,- -,- -
10/12/2011 07:00,US,1039),,MBA Mortgage Applications,7-Oct,- -,- -,- -,- -
10/12/2011 10:00,US,1040),,JOLTs Job Openings,AUG,- -,- -,- -,- -
10/13/2011 08:30,US,1041),,Initial Jobless Claims,8-Oct,- -,- -,- -,- -
10/13/2011 08:30,US,1042),,Continuing Claims,1-Oct,- -,- -,- -,- -
10/13/2011 08:30,US,1043),,Trade Balance,AUG,- -,- -,- -,- -
10/13/2011 09:45,US,1044),,Bloomberg Consumer Comfort,9-Oct,- -,- -,- -,- -
10/14/2011 08:30,US,1045),,Import Price Index (MoM),SEP,- -,- -,- -,- -
10/14/2011 08:30,US,1046),,Import Price Index (YoY),SEP,- -,- -,- -,- -
10/14/2011 08:30,US,1047),,Advance Retail Sales,SEP,- -,- -,- -,- -
10/14/2011 08:30,US,1048),,Retail Sales Ex Auto & Gas,SEP,- -,- -,- -,- -
10/14/2011 08:30,US,1049),,Retail Sales Less Autos,SEP,- -,- -,- -,- -
10/14/2011 09:55,US,1050),,U. of Michigan Confidence,OCT P,- -,- -,- -,- -
10/14/2011 10:00,US,1051),,Business Inventories,AUG,- -,- -,- -,- -
10/17/2011 08:30,US,1052),,Empire Manufacturing,OCT,- -,- -,- -,- -
10/17/2011 09:15,US,1053),,Capacity Utilization,SEP,- -,- -,- -,- -
10/17/2011 09:15,US,1054),,Industrial Production,SEP,- -,- -,- -,- -
10/18/2011 08:30,US,1055),,Producer Price Index (MoM),SEP,- -,- -,- -,- -
10/18/2011 08:30,US,1056),,PPI Ex Food & Energy (YoY),SEP,- -,- -,- -,- -
10/18/2011 08:30,US,1057),,Producer Price Index (YoY),SEP,- -,- -,- -,- -
10/18/2011 08:30,US,1058),,PPI Ex Food & Energy (MoM),SEP,- -,- -,- -,- -
10/18/2011 09:00,US,1059),,Total Net TIC Flows,AUG,- -,- -,- -,- -
10/18/2011 09:00,US,1060),,Net Long-term TIC Flows,AUG,- -,- -,- -,- -
10/18/2011 10:00,US,1061),,NAHB Housing Market Index,OCT,- -,- -,- -,- -
10/19/2011 00:00,US,1062),,Fed's Beige Book,,,,,
10/19/2011 07:00,US,1063),,MBA Mortgage Applications,14-Oct,- -,- -,- -,- -
10/19/2011 08:30,US,1064),,Consumer Price Index (MoM),SEP,- -,- -,- -,- -
10/19/2011 08:30,US,1065),,CPI Ex Food & Energy (YoY),SEP,- -,- -,- -,- -
10/19/2011 08:30,US,1066),,Consumer Price Index (YoY),SEP,- -,- -,- -,- -
10/19/2011 08:30,US,1067),,CPI Core Index SA,SEP,- -,- -,- -,- -
10/19/2011 08:30,US,1068),,CPI Ex Food & Energy (MoM),SEP,- -,- -,- -,- -
10/19/2011 08:30,US,1069),,Consumer Price Index NSA,SEP,- -,- -,- -,- -
10/19/2011 08:30,US,1070),,Building Permits MOM%,SEP,- -,- -,- -,- -
10/19/2011 08:30,US,1071),,Housing Starts MOM%,SEP,- -,- -,- -,- -
10/19/2011 08:30,US,1072),,Building Permits,SEP,- -,- -,- -,- -
10/19/2011 08:30,US,1073),,Housing Starts,SEP,- -,- -,- -,- -
10/20/2011 08:30,US,1074),,Initial Jobless Claims,15-Oct,- -,- -,- -,- -
10/20/2011 08:30,US,1075),,Continuing Claims,8-Oct,- -,- -,- -,- -
10/20/2011 09:45,US,1076),,Bloomberg Economic Expectations,OCT,- -,- -,- -,- -
10/20/2011 09:45,US,1077),,Bloomberg Consumer Comfort,16-Oct,- -,- -,- -,- -
10/20/2011 10:00,US,1078),,Existing Home Sales MoM,SEP,- -,- -,- -,- -
10/20/2011 10:00,US,1079),,Existing Home Sales,SEP,- -,- -,- -,- -
10/20/2011 10:00,US,1080),,Leading Indicators,SEP,- -,- -,- -,- -
10/20/2011 10:00,US,1081),,Philadelphia Fed.,OCT,- -,- -,- -,- -
10/20/2011 16:00,US,1082),,RPX Composite 28dy YoY,AUG,- -,- -,- -,- -
10/20/2011 16:00,US,1083),,RPX Composite 28dy Index,31-Aug,- -,- -,- -,- -
10/24/2011 08:30,US,1084),,Chicago Fed Nat Activity Index,SEP,- -,- -,- -,- -
10/25/2011 09:00,US,1085),,S&P/CaseShiller Home Price Ind,AUG,- -,- -,- -,- -
10/25/2011 09:00,US,1086),,S&P/CS 20 City MoM% SA,AUG,- -,- -,- -,- -
10/25/2011 09:00,US,1087),,S&P/CS Composite-20 YoY,AUG,- -,- -,- -,- -
10/25/2011 10:00,US,1088),,Consumer Confidence,OCT,- -,- -,- -,- -
10/25/2011 10:00,US,1089),,House Price Index MoM,AUG,- -,- -,- -,- -
10/25/2011 10:00,US,1090),,Richmond Fed Manufact. Index,OCT,- -,- -,- -,- -
10/26/2011 07:00,US,1091),,MBA Mortgage Applications,21-Oct,- -,- -,- -,- -
10/26/2011 08:30,US,1092),,Cap Goods Orders Nondef Ex Air,SEP,- -,- -,- -,- -
10/26/2011 08:30,US,1093),,Cap Goods Ship Nondef Ex Air,SEP,- -,- -,- -,- -
10/26/2011 08:30,US,1094),,Durable Goods Orders,SEP,- -,- -,- -,- -
10/26/2011 08:30,US,1095),,Durables Ex Transportation,SEP,- -,- -,- -,- -
10/26/2011 10:00,US,1096),,New Home Sales MoM,SEP,- -,- -,- -,- -
10/26/2011 10:00,US,1097),,New Home Sales,SEP,- -,- -,- -,- -
10/27/2011 08:30,US,1098),,GDP QoQ (Annualized),3Q A,- -,- -,- -,- -
10/27/2011 08:30,US,1099),,GDP Price Index,3Q A,- -,- -,- -,- -
10/27/2011 08:30,US,1100),,Core PCE QoQ,3Q A,- -,- -,- -,- -
10/27/2011 08:30,US,1101),,Personal Consumption,3Q A,- -,- -,- -,- -
10/27/2011 08:30,US,1102),,Initial Jobless Claims,22-Oct,- -,- -,- -,- -
10/27/2011 08:30,US,1103),,Continuing Claims,15-Oct,- -,- -,- -,- -
10/27/2011 09:45,US,1104),,Bloomberg Consumer Comfort,23-Oct,- -,- -,- -,- -
10/27/2011 10:00,US,1105),,Pending Home Sales MoM,SEP,- -,- -,- -,- -
10/27/2011 10:00,US,1106),,Pending Home Sales YoY,SEP,- -,- -,- -,- -
10/28/2011 08:30,US,1107),,Employment Cost Index,3Q,- -,- -,- -,- -
10/28/2011 08:30,US,1108),,PCE Core (MoM),SEP,- -,- -,- -,- -
10/28/2011 08:30,US,1109),,Personal Spending,SEP,- -,- -,- -,- -
10/28/2011 08:30,US,1110),,PCE Core (YoY),SEP,- -,- -,- -,- -
10/28/2011 08:30,US,1111),,PCE Deflator (YoY),SEP,- -,- -,- -,- -
10/28/2011 08:30,US,1112),,Personal Income,SEP,- -,- -,- -,- -
10/28/2011 09:55,US,1113),,U. of Michigan Confidence,OCT F,- -,- -,- -,- -
10/31/2011 09:45,US,1114),,Chicago Purchasing Manager,OCT,- -,- -,- -,- -
10/31/2011 10:00,US,1115),,NAPM-Milwaukee,OCT,- -,- -,- -,- -
10/31/2011 10:30,US,1116),,Dallas Fed Manf. Activity,OCT,- -,- -,- -,- -
11/01/2011 10:00,US,1117),,Construction Spending MoM,SEP,- -,- -,- -,- -
11/01/2011 10:00,US,1118),,ISM Manufacturing,OCT,- -,- -,- -,- -
11/01/2011 10:00,US,1119),,ISM Prices Paid,OCT,- -,- -,- -,- -
11/01/2011 17:00,US,1120),,Domestic Vehicle Sales,OCT,- -,- -,- -,- -
11/01/2011 17:00,US,1121),,Total Vehicle Sales,OCT,- -,- -,- -,- -
11/02/2011 07:00,US,1122),,MBA Mortgage Applications,28-Oct,- -,- -,- -,- -
11/02/2011 07:30,US,1123),,Challenger Job Cuts YoY,OCT,- -,- -,- -,- -
11/02/2011 08:15,US,1124),,ADP Employment Change,OCT,- -,- -,- -,- -
11/02/2011 12:30,US,1125),,FOMC Rate Decision,2-Nov,- -,- -,- -,- -
11/03/2011 08:30,US,1126),,Unit Labor Costs,3Q P,- -,- -,- -,- -
11/03/2011 08:30,US,1127),,Initial Jobless Claims,29-Oct,- -,- -,- -,- -
11/03/2011 08:30,US,1128),,Continuing Claims,22-Oct,- -,- -,- -,- -
11/03/2011 08:30,US,1129),,Nonfarm Productivity,3Q P,- -,- -,- -,- -
11/03/2011 09:45,US,1130),,Bloomberg Consumer Comfort,30-Oct,- -,- -,- -,- -
11/03/2011 10:00,US,1131),,ISM Non-Manf. Composite,OCT,- -,- -,- -,- -
11/03/2011 10:00,US,1132),,Factory Orders,SEP,- -,- -,- -,- -
11/03/2011,US,1133),,ICSC Chain Store Sales YoY,OCT,- -,- -,- -,- -
11/04/2011 08:30,US,1134),,Avg Hourly Earning MOM All Emp,OCT,- -,- -,- -,- -
11/04/2011 08:30,US,1135),,Avg Hourly Earning YOY All Emp,OCT,- -,- -,- -,- -
11/04/2011 08:30,US,1136),,Avg Weekly Hours All Employees,OCT,- -,- -,- -,- -
11/04/2011 08:30,US,1137),,Change in Private Payrolls,OCT,- -,- -,- -,- -
11/04/2011 08:30,US,1138),,Change in Nonfarm Payrolls,OCT,- -,- -,- -,- -
11/04/2011 08:30,US,1139),,Change in Household Survey Employment,OCT,- -,- -,- -,- -
11/04/2011 08:30,US,1140),,Change in Manufact. Payrolls,OCT,- -,- -,- -,- -
11/04/2011 08:30,US,1141),,Unemployment Rate,OCT,- -,- -,- -,- -
11/07/2011 15:00,US,1142),,Consumer Credit,SEP,- -,- -,- -,- -
11/08/2011 07:30,US,1143),,NFIB Small Business Optimism,OCT,- -,- -,- -,- -
11/08/2011 10:00,US,1144),,IBD/TIPP Economic Optimism,NOV,- -,- -,- -,- -
11/08/2011 10:00,US,1145),,JOLTs Job Openings,SEP,- -,- -,- -,- -
11/09/2011 07:00,US,1146),,MBA Mortgage Applications,4-Nov,- -,- -,- -,- -
11/09/2011 10:00,US,1147),,Wholesale Inventories,SEP,- -,- -,- -,- -
11/10/2011 08:30,US,1148),,Import Price Index (MoM),OCT,- -,- -,- -,- -
11/10/2011 08:30,US,1149),,Import Price Index (YoY),OCT,- -,- -,- -,- -
11/10/2011 08:30,US,1150),,Initial Jobless Claims,5-Nov,- -,- -,- -,- -
11/10/2011 08:30,US,1151),,Continuing Claims,29-Oct,- -,- -,- -,- -
11/10/2011 08:30,US,1152),,Trade Balance,SEP,- -,- -,- -,- -
11/10/2011 09:45,US,1153),,Bloomberg Consumer Comfort,6-Nov,- -,- -,- -,- -
11/10/2011 14:00,US,1154),,Monthly Budget Statement,OCT,- -,- -,- -,- -
11/11/2011 09:55,US,1155),,U. of Michigan Confidence,NOV P,- -,- -,- -,- -
14-18 NOV,US,1156),,Mortgage Delinquencies,3Q,- -,- -,- -,- -
14-18 NOV,US,1157),,MBA Mortgage Foreclosures,3Q,- -,- -,- -,- -
11/15/2011 08:30,US,1158),,Empire Manufacturing,NOV,- -,- -,- -,- -
11/15/2011 08:30,US,1159),,Producer Price Index (MoM),OCT,- -,- -,- -,- -
11/15/2011 08:30,US,1160),,PPI Ex Food & Energy (YoY),OCT,- -,- -,- -,- -
11/15/2011 08:30,US,1161),,Producer Price Index (YoY),OCT,- -,- -,- -,- -
11/15/2011 08:30,US,1162),,PPI Ex Food & Energy (MoM),OCT,- -,- -,- -,- -
11/15/2011 08:30,US,1163),,Advance Retail Sales,OCT,- -,- -,- -,- -
11/15/2011 08:30,US,1164),,Retail Sales Ex Auto & Gas,OCT,- -,- -,- -,- -
11/15/2011 08:30,US,1165),,Retail Sales Less Autos,OCT,- -,- -,- -,- -
11/15/2011 10:00,US,1166),,Business Inventories,SEP,- -,- -,- -,- -
11/16/2011 07:00,US,1167),,MBA Mortgage Applications,11-Nov,- -,- -,- -,- -
11/16/2011 08:30,US,1168),,Consumer Price Index (MoM),OCT,- -,- -,- -,- -
11/16/2011 08:30,US,1169),,CPI Ex Food & Energy (YoY),OCT,- -,- -,- -,- -
11/16/2011 08:30,US,1170),,Consumer Price Index (YoY),OCT,- -,- -,- -,- -
11/16/2011 08:30,US,1171),,CPI Core Index SA,OCT,- -,- -,- -,- -
11/16/2011 08:30,US,1172),,CPI Ex Food & Energy (MoM),OCT,- -,- -,- -,- -
11/16/2011 08:30,US,1173),,Consumer Price Index NSA,OCT,- -,- -,- -,- -
11/16/2011 09:00,US,1174),,Total Net TIC Flows,SEP,- -,- -,- -,- -
11/16/2011 09:00,US,1175),,Net Long-term TIC Flows,SEP,- -,- -,- -,- -
11/16/2011 09:15,US,1176),,Capacity Utilization,OCT,- -,- -,- -,- -
11/16/2011 09:15,US,1177),,Industrial Production,OCT,- -,- -,- -,- -
11/16/2011 10:00,US,1178),,NAHB Housing Market Index,NOV,- -,- -,- -,- -
11/17/2011 08:30,US,1179),,Initial Jobless Claims,12-Nov,- -,- -,- -,- -
11/17/2011 08:30,US,1180),,Continuing Claims,5-Nov,- -,- -,- -,- -
11/17/2011 08:30,US,1181),,Building Permits MOM%,OCT,- -,- -,- -,- -
11/17/2011 08:30,US,1182),,Housing Starts MOM%,OCT,- -,- -,- -,- -
11/17/2011 08:30,US,1183),,Building Permits,OCT,- -,- -,- -,- -
11/17/2011 08:30,US,1184),,Housing Starts,OCT,- -,- -,- -,- -
11/17/2011 09:45,US,1185),,Bloomberg Economic Expectations,NOV,- -,- -,- -,- -
11/17/2011 09:45,US,1186),,Bloomberg Consumer Comfort,13-Nov,- -,- -,- -,- -
11/17/2011 10:00,US,1187),,Philadelphia Fed.,NOV,- -,- -,- -,- -
11/18/2011 10:00,US,1188),,Leading Indicators,OCT,- -,- -,- -,- -
11/21/2011 08:30,US,1189),,Chicago Fed Nat Activity Index,OCT,- -,- -,- -,- -
11/21/2011 10:00,US,1190),,Existing Home Sales MoM,OCT,- -,- -,- -,- -
11/21/2011 10:00,US,1191),,Existing Home Sales,OCT,- -,- -,- -,- -
11/22/2011 08:30,US,1192),,GDP QoQ (Annualized),3Q S,- -,- -,- -,- -
11/22/2011 08:30,US,1193),,GDP Price Index,3Q S,- -,- -,- -,- -
11/22/2011 08:30,US,1194),,Core PCE QoQ,3Q S,- -,- -,- -,- -
11/22/2011 08:30,US,1195),,Personal Consumption,3Q S,- -,- -,- -,- -
11/22/2011 10:00,US,1196),,Richmond Fed Manufact. Index,NOV,- -,- -,- -,- -
11/23/2011 07:00,US,1197),,MBA Mortgage Applications,18-Nov,- -,- -,- -,- -
11/23/2011 08:30,US,1198),,Cap Goods Orders Nondef Ex Air,OCT,- -,- -,- -,- -
11/23/2011 08:30,US,1199),,Cap Goods Ship Nondef Ex Air,OCT,- -,- -,- -,- -
11/23/2011 08:30,US,1200),,Durable Goods Orders,OCT,- -,- -,- -,- -
11/23/2011 08:30,US,1201),,Durables Ex Transportation,OCT,- -,- -,- -,- -
11/23/2011 08:30,US,1202),,Initial Jobless Claims,19-Nov,- -,- -,- -,- -
11/23/2011 08:30,US,1203),,Continuing Claims,12-Nov,- -,- -,- -,- -
11/23/2011 08:30,US,1204),,PCE Core (MoM),OCT,- -,- -,- -,- -
11/23/2011 08:30,US,1205),,Personal Spending,OCT,- -,- -,- -,- -
11/23/2011 08:30,US,1206),,PCE Core (YoY),OCT,- -,- -,- -,- -
11/23/2011 08:30,US,1207),,PCE Deflator (YoY),OCT,- -,- -,- -,- -
11/23/2011 08:30,US,1208),,Personal Income,OCT,- -,- -,- -,- -
11/23/2011 09:55,US,1209),,U. of Michigan Confidence,NOV F,- -,- -,- -,- -
11/23/2011 14:00,US,1210),,Minutes of FOMC Meeting,,,,,
11/24/2011 09:45,US,1211),,Bloomberg Consumer Comfort,20-Nov,- -,- -,- -,- -
11/28/2011 10:00,US,1212),,New Home Sales MoM,OCT,- -,- -,- -,- -
11/28/2011 10:00,US,1213),,New Home Sales,OCT,- -,- -,- -,- -
11/28/2011 10:30,US,1214),,Dallas Fed Manf. Activity,NOV,- -,- -,- -,- -
11/29/2011 09:00,US,1215),,S&P/CaseShiller Home Price Ind,SEP,- -,- -,- -,- -
11/29/2011 09:00,US,1216),,S&P/CS 20 City MoM% SA,SEP,- -,- -,- -,- -
11/29/2011 09:00,US,1217),,S&P/CS Composite-20 YoY,SEP,- -,- -,- -,- -
11/29/2011 09:00,US,1218),,S&P/Case-Shiller US HPI,3Q,- -,- -,- -,- -
11/29/2011 09:00,US,1219),,S&P/Case-Shiller US HPI YOY%,3Q,- -,- -,- -,- -
11/29/2011 10:00,US,1220),,Consumer Confidence,NOV,- -,- -,- -,- -
11/29/2011 10:00,US,1221),,House Price Purchase Index QoQ,3Q,- -,- -,- -,- -
11/29/2011 10:00,US,1222),,House Price Index MoM,SEP,- -,- -,- -,- -
11/30/2011 00:00,US,1223),,Fed's Beige Book,,,,,
11/30/2011 07:00,US,1224),,MBA Mortgage Applications,25-Nov,- -,- -,- -,- -
11/30/2011 07:30,US,1225),,Challenger Job Cuts YoY,NOV,- -,- -,- -,- -
11/30/2011 08:15,US,1226),,ADP Employment Change,NOV,- -,- -,- -,- -
11/30/2011 08:30,US,1227),,Unit Labor Costs,3Q F,- -,- -,- -,- -
11/30/2011 08:30,US,1228),,Nonfarm Productivity,3Q F,- -,- -,- -,- -
11/30/2011 09:45,US,1229),,Chicago Purchasing Manager,NOV,- -,- -,- -,- -
11/30/2011 10:00,US,1230),,NAPM-Milwaukee,NOV,- -,- -,- -,- -
11/30/2011 10:00,US,1231),,Pending Home Sales MoM,OCT,- -,- -,- -,- -
11/30/2011 10:00,US,1232),,Pending Home Sales YoY,OCT,- -,- -,- -,- -
12/01/2011 08:30,US,1233),,Initial Jobless Claims,26-Nov,- -,- -,- -,- -
12/01/2011 08:30,US,1234),,Continuing Claims,19-Nov,- -,- -,- -,- -
12/01/2011 09:45,US,1235),,Bloomberg Consumer Comfort,27-Nov,- -,- -,- -,- -
12/01/2011 10:00,US,1236),,Construction Spending MoM,OCT,- -,- -,- -,- -
12/01/2011 10:00,US,1237),,ISM Manufacturing,NOV,- -,- -,- -,- -
12/01/2011 10:00,US,1238),,ISM Prices Paid,NOV,- -,- -,- -,- -
12/01/2011 16:00,US,1239),,RPX Composite 28dy YoY,SEP,- -,- -,- -,- -
12/01/2011 16:00,US,1240),,RPX Composite 28dy Index,30-Sep,- -,- -,- -,- -
12/01/2011 17:00,US,1241),,Domestic Vehicle Sales,NOV,- -,- -,- -,- -
12/01/2011 17:00,US,1242),,Total Vehicle Sales,NOV,- -,- -,- -,- -
12/01/2011,US,1243),,ICSC Chain Store Sales YoY,NOV,- -,- -,- -,- -
12/02/2011 08:30,US,1244),,Avg Hourly Earning MOM All Emp,NOV,- -,- -,- -,- -
12/02/2011 08:30,US,1245),,Avg Hourly Earning YOY All Emp,NOV,- -,- -,- -,- -
12/02/2011 08:30,US,1246),,Avg Weekly Hours All Employees,NOV,- -,- -,- -,- -
12/02/2011 08:30,US,1247),,Change in Private Payrolls,NOV,- -,- -,- -,- -
12/02/2011 08:30,US,1248),,Change in Nonfarm Payrolls,NOV,- -,- -,- -,- -
12/02/2011 08:30,US,1249),,Change in Household Survey Employment,NOV,- -,- -,- -,- -
12/02/2011 08:30,US,1250),,Change in Manufact. Payrolls,NOV,- -,- -,- -,- -
12/02/2011 08:30,US,1251),,Unemployment Rate,NOV,- -,- -,- -,- -
12/05/2011 10:00,US,1252),,ISM Non-Manf. Composite,NOV,- -,- -,- -,- -
12/05/2011 10:00,US,1253),,Factory Orders,OCT,- -,- -,- -,- -
12/06/2011 10:00,US,1254),,IBD/TIPP Economic Optimism,DEC,- -,- -,- -,- -
12/07/2011 07:00,US,1255),,MBA Mortgage Applications,2-Dec,- -,- -,- -,- -
12/07/2011 15:00,US,1256),,Consumer Credit,OCT,- -,- -,- -,- -
12/08/2011 08:30,US,1257),,Initial Jobless Claims,3-Dec,- -,- -,- -,- -
12/08/2011 08:30,US,1258),,Continuing Claims,26-Nov,- -,- -,- -,- -
12/08/2011 09:45,US,1259),,Bloomberg Consumer Comfort,4-Dec,- -,- -,- -,- -
12/08/2011 10:00,US,1260),,Wholesale Inventories,OCT,- -,- -,- -,- -
12/09/2011 08:30,US,1261),,Trade Balance,OCT,- -,- -,- -,- -
12/09/2011 09:55,US,1262),,U. of Michigan Confidence,DEC P,- -,- -,- -,- -
12/12/2011 14:00,US,1263),,Monthly Budget Statement,NOV,- -,- -,- -,- -
12/13/2011 07:30,US,1264),,NFIB Small Business Optimism,NOV,- -,- -,- -,- -
12/13/2011 08:30,US,1265),,Advance Retail Sales,NOV,- -,- -,- -,- -
12/13/2011 08:30,US,1266),,Retail Sales Ex Auto & Gas,NOV,- -,- -,- -,- -
12/13/2011 08:30,US,1267),,Retail Sales Less Autos,NOV,- -,- -,- -,- -
12/13/2011 10:00,US,1268),,JOLTs Job Openings,OCT,- -,- -,- -,- -
12/13/2011 10:00,US,1269),,Business Inventories,OCT,- -,- -,- -,- -
12/13/2011 14:15,US,1270),,FOMC Rate Decision,13-Dec,- -,- -,- -,- -
12/14/2011 07:00,US,1271),,MBA Mortgage Applications,9-Dec,- -,- -,- -,- -
12/14/2011 08:30,US,1272),,Import Price Index (MoM),NOV,- -,- -,- -,- -
12/14/2011 08:30,US,1273),,Import Price Index (YoY),NOV,- -,- -,- -,- -
12/15/2011 08:30,US,1274),,Empire Manufacturing,DEC,- -,- -,- -,- -
12/15/2011 08:30,US,1275),,Initial Jobless Claims,10-Dec,- -,- -,- -,- -
12/15/2011 08:30,US,1276),,Continuing Claims,3-Dec,- -,- -,- -,- -
12/15/2011 08:30,US,1277),,Producer Price Index (MoM),NOV,- -,- -,- -,- -
12/15/2011 08:30,US,1278),,PPI Ex Food & Energy (YoY),NOV,- -,- -,- -,- -
12/15/2011 08:30,US,1279),,Producer Price Index (YoY),NOV,- -,- -,- -,- -
12/15/2011 08:30,US,1280),,PPI Ex Food & Energy (MoM),NOV,- -,- -,- -,- -
12/15/2011 08:30,US,1281),,Current Account Balance,3Q,- -,- -,- -,- -
12/15/2011 09:00,US,1282),,Total Net TIC Flows,OCT,- -,- -,- -,- -
12/15/2011 09:00,US,1283),,Net Long-term TIC Flows,OCT,- -,- -,- -,- -
12/15/2011 09:15,US,1284),,Capacity Utilization,NOV,- -,- -,- -,- -
12/15/2011 09:15,US,1285),,Industrial Production,NOV,- -,- -,- -,- -
12/15/2011 09:45,US,1286),,Bloomberg Economic Expectations,DEC,- -,- -,- -,- -
12/15/2011 09:45,US,1287),,Bloomberg Consumer Comfort,11-Dec,- -,- -,- -,- -
12/15/2011 10:00,US,1288),,Philadelphia Fed.,DEC,- -,- -,- -,- -
12/16/2011 08:30,US,1289),,Consumer Price Index (MoM),NOV,- -,- -,- -,- -
12/16/2011 08:30,US,1290),,CPI Ex Food & Energy (YoY),NOV,- -,- -,- -,- -
12/16/2011 08:30,US,1291),,Consumer Price Index (YoY),NOV,- -,- -,- -,- -
12/16/2011 08:30,US,1292),,CPI Core Index SA,NOV,- -,- -,- -,- -
12/16/2011 08:30,US,1293),,CPI Ex Food & Energy (MoM),NOV,- -,- -,- -,- -
12/16/2011 08:30,US,1294),,Consumer Price Index NSA,NOV,- -,- -,- -,- -
12/19/2011 10:00,US,1295),,NAHB Housing Market Index,DEC,- -,- -,- -,- -
12/20/2011 08:30,US,1296),,Building Permits MOM%,NOV,- -,- -,- -,- -
12/20/2011 08:30,US,1297),,Housing Starts MOM%,NOV,- -,- -,- -,- -
12/20/2011 08:30,US,1298),,Building Permits,NOV,- -,- -,- -,- -
12/20/2011 08:30,US,1299),,Housing Starts,NOV,- -,- -,- -,- -
12/21/2011 07:00,US,1300),,MBA Mortgage Applications,16-Dec,- -,- -,- -,- -
12/21/2011 10:00,US,1301),,Existing Home Sales MoM,NOV,- -,- -,- -,- -
12/21/2011 10:00,US,1302),,Existing Home Sales,NOV,- -,- -,- -,- -
12/22/2011 08:30,US,1303),,Chicago Fed Nat Activity Index,NOV,- -,- -,- -,- -
12/22/2011 08:30,US,1304),,GDP QoQ (Annualized),3Q T,- -,- -,- -,- -
12/22/2011 08:30,US,1305),,GDP Price Index,3Q T,- -,- -,- -,- -
12/22/2011 08:30,US,1306),,Core PCE QoQ,3Q T,- -,- -,- -,- -
12/22/2011 08:30,US,1307),,Personal Consumption,3Q T,- -,- -,- -,- -
12/22/2011 08:30,US,1308),,Initial Jobless Claims,17-Dec,- -,- -,- -,- -
12/22/2011 08:30,US,1309),,Continuing Claims,10-Dec,- -,- -,- -,- -
12/22/2011 09:45,US,1310),,Bloomberg Consumer Comfort,18-Dec,- -,- -,- -,- -
12/22/2011 09:55,US,1311),,U. of Michigan Confidence,DEC F,- -,- -,- -,- -
12/22/2011 10:00,US,1312),,House Price Index MoM,OCT,- -,- -,- -,- -
12/22/2011 10:00,US,1313),,Leading Indicators,NOV,- -,- -,- -,- -
12/22/2011 16:00,US,1314),,RPX Composite 28dy YoY,OCT,- -,- -,- -,- -
12/22/2011 16:00,US,1315),,RPX Composite 28dy Index,31-Oct,- -,- -,- -,- -
12/23/2011 08:30,US,1316),,Cap Goods Orders Nondef Ex Air,NOV,- -,- -,- -,- -
12/23/2011 08:30,US,1317),,Cap Goods Ship Nondef Ex Air,NOV,- -,- -,- -,- -
12/23/2011 08:30,US,1318),,Durable Goods Orders,NOV,- -,- -,- -,- -
12/23/2011 08:30,US,1319),,Durables Ex Transportation,NOV,- -,- -,- -,- -
12/23/2011 08:30,US,1320),,PCE Core (MoM),NOV,- -,- -,- -,- -
12/23/2011 08:30,US,1321),,Personal Spending,NOV,- -,- -,- -,- -
12/23/2011 08:30,US,1322),,PCE Core (YoY),NOV,- -,- -,- -,- -
12/23/2011 08:30,US,1323),,PCE Deflator (YoY),NOV,- -,- -,- -,- -
12/23/2011 08:30,US,1324),,Personal Income,NOV,- -,- -,- -,- -
12/23/2011 10:00,US,1325),,New Home Sales MoM,NOV,- -,- -,- -,- -
12/23/2011 10:00,US,1326),,New Home Sales,NOV,- -,- -,- -,- -
12/27/2011 09:00,US,1327),,S&P/CaseShiller Home Price Ind,OCT,- -,- -,- -,- -
12/27/2011 09:00,US,1328),,S&P/CS 20 City MoM% SA,OCT,- -,- -,- -,- -
12/27/2011 09:00,US,1329),,S&P/CS Composite-20 YoY,OCT,- -,- -,- -,- -
12/27/2011 10:00,US,1330),,Consumer Confidence,DEC,- -,- -,- -,- -
12/27/2011 10:00,US,1331),,Richmond Fed Manufact. Index,DEC,- -,- -,- -,- -
12/27/2011 10:30,US,1332),,Dallas Fed Manf. Activity,DEC,- -,- -,- -,- -
12/28/2011 07:00,US,1333),,MBA Mortgage Applications,23-Dec,- -,- -,- -,- -
12/29/2011 08:30,US,1334),,Initial Jobless Claims,24-Dec,- -,- -,- -,- -
12/29/2011 08:30,US,1335),,Continuing Claims,17-Dec,- -,- -,- -,- -
12/29/2011 09:45,US,1336),,Chicago Purchasing Manager,DEC,- -,- -,- -,- -
12/29/2011 10:00,US,1337),,Pending Home Sales MoM,NOV,- -,- -,- -,- -
12/29/2011 10:00,US,1338),,Pending Home Sales YoY,NOV,- -,- -,- -,- -
12/30/2011 10:00,US,1339),,NAPM-Milwaukee,DEC,- -,- -,- -,- -
,,,,,,,,,
Download time: 25APR2011_08:03:30.137,,,,,,,,,
